"x","y"
3960308.57212327,985135.406321349
3912328.37845429,1102147.21443238
3908149.17120297,1105451.21768952
3911166.05992862,1101660.95062372
3943204.05677981,1045922.34635534
3887759.14438413,876667.504633857
3888461.22635945,881945.21211036
3885863.29452073,879810.962154692
3892466.01691419,1087652.52901666
3897373.96891083,1086141.99321874
3895029.4931039,1089600.35502952
3906164.47767443,1006347.84961768
3909139.3342204,1005366.53007389
3907531.24340597,1007820.89920082
3907109.38606904,1003424.49932507
3913051.77830159,1037829.05178412
3917902.72624549,1039592.24882673
3918118.55397647,1037208.05561957
3917726.91509709,1037270.71193697
3924344.72537628,868327.009868255
3925325.47020629,872939.799260212
3924343.56276349,873583.800912006
3927836.21617383,872836.388884409
3801270.97335748,759689.832751006
3956044.56185747,1001734.48167262
3953398.78540068,1001514.21396731
3954386.43200437,1002550.48722091
3926607.63613112,875388.858470765
3922796.73381975,875270.312955396
3925874.89974507,878588.874581377
3921421.01284063,872495.498606046
3925839.92292255,876472.347814665
3923465.81326104,874382.324648223
3970518.71703676,1083139.08560861
3968579.90249878,1087178.84617082
3972327.27495256,1084157.32656047
3975043.15016019,1084790.45322069
3967498.0570865,1086418.12337616
3940749.27601472,1075663.98750609
3939943.32710754,1073510.04702119
3942403.71727065,1076725.19742668
3940036.20718605,1071864.39667718
3940984.60768399,1075622.91154498
3938880.06576114,1072719.39312045
3941397.07351317,1078812.58898797
3940756.50639722,1076677.65123301
3936778.40708659,976369.569653536
3935933.1108079,980731.06793995
3937674.84607844,979116.355174828
3936239.24299088,978879.901774007
3932419.97394762,979670.199802836
3934045.32913271,978781.723744993
3936283.50112128,977616.123478033
3924132.76025732,1077695.03508381
3925551.65019381,1086531.21543292
3924920.02033931,1082160.15153496
3924707.9461939,1080239.04778532
3961528.63562251,988299.364225823
3963989.60107569,984910.688060089
3962587.6865726,984607.842125007
3961079.92872619,985524.498719952
3961110.48411852,983708.7417588
3958295.56679985,986934.940430862
3935992.43406348,855763.722296001
3940222.28321323,853155.581885398
3935816.02242218,855442.662825554
3901950.29586165,911660.709083416
3930393.77921427,1079330.81798722
3930001.97475531,1076268.67020077
3928566.82280129,1077339.94649602
3932089.0265121,1079818.40667942
3930008.02005456,1079858.45194165
4014846.32825983,1049412.16470488
4017326.86707575,1044753.04404517
4016385.77698959,1045809.42985277
4012664.1317555,1045261.32683775
3850442.77620606,721701.553758849
3852263.09427513,726288.1019903
3852058.69728054,725579.878312404
3849950.50871418,728343.928671295
3852724.83839763,725129.0793096
3848947.71118984,725528.260899205
3909376.05333727,1088743.20769749
3904390.4479149,1091680.03147146
3906945.83336443,1089996.55817383
3903502.91424516,1088663.35214803
3911433.18217424,1089232.56050481
3891489.77678346,1080162.73498557
3892332.81391997,1084812.3497716
3890512.67930377,1079069.58766158
3938599.57412509,1045779.81707852
3941110.13033975,1040347.2172129
3934355.62172506,1040550.46331798
3935776.63517343,1045595.55028987
3937263.17361454,1040384.89885823
3937150.10846982,1041319.79280773
3935293.72811196,1043934.75982186
3923424.89847724,1047556.11513103
3925625.92636327,1044124.36448635
3924399.02904172,1049243.43798296
3923324.35736184,1045250.61338471
3925468.75681522,1049864.06230696
3923513.40714156,1047594.43060462
3925340.33807882,1045189.91481459
3925066.33010413,1046521.17711928
3925036.06176949,1047589.78021326
3925526.51340496,1046004.40135868
3923919.60848441,1045487.26687185
3924347.74070527,875202.175966606
3928069.04709382,873522.938082726
3925708.73719054,875347.050852787
3926395.96101531,877790.744191637
3848695.3901334,952060.190056466
3843668.68065703,947918.919834429
3845922.27902323,947538.42528994
3841387.97529305,946991.779802065
3844057.9823156,945768.654730542
3847327.83634786,947316.073027915
3849482.22154283,1062076.94503754
3848152.98748967,1061083.11354827
3925924.36671266,1045556.75757201
3925567.9930157,1047537.55878267
3923989.00679048,1046863.0442908
3929150.43014893,1048564.17864207
3929161.03656195,1041818.20971007
3927888.27700674,1046849.50316318
3932431.53292872,1042677.00287917
3926081.22029501,1042900.51886573
3835088.91414084,727993.267563766
3833444.95047121,724209.74669678
3837783.62766199,826858.409942404
3933459.25062264,1042795.75341599
3936754.28369363,1042391.02187736
3938040.62749926,1038206.83146599
3942363.54964677,1041011.63509139
3938322.43445548,1040073.12199135
3939815.71429014,1040529.36409044
3903788.49436225,1103822.27877013
3906088.16298971,1102501.67944362
3912775.53167575,1009729.06703448
3907763.56759353,1010582.65430056
3907032.05451704,1007808.70513165
3909621.34111841,1009860.59184924
3907778.16232119,1003062.17131996
3906861.0529131,1004633.55428633
3906521.15352758,1006158.43426927
3911390.2481471,1004907.75457834
3889848.33852101,1067631.53011846
3890759.39007565,1068410.71489836
3891390.89267386,1070645.51103267
3855001.90428124,901459.340906567
3856456.17726396,901217.377172515
3855528.17181576,896383.366179651
3811014.87415194,932668.161432711
3894791.09448126,842241.463661956
3896998.10010068,841186.339210617
3896553.96541599,845120.580513665
3894786.17970332,839475.869509298
3889987.03032624,843426.448254405
3893729.59697782,842970.694944339
3825430.17083008,789177.236935328
3966316.87517895,989932.960703612
3970499.84389042,990043.282976427
3935853.76269289,1037932.68403667
3937544.34262369,943424.786268541
3939312.05808219,940843.255200541
3915728.06768524,861858.194359045
3916339.26745035,866341.713327319
3912036.58915583,859548.700701243
3946770.20044419,1082141.19545903
3952940.68752517,1081181.36657921
3951520.94673732,1084501.86025251
3946744.39172013,1082499.83880051
3948466.99997025,1084488.88299794
3948216.61007706,1084138.54436736
3978885.45980464,1052761.27087935
3971630.6755834,1056492.48020328
3969516.56632177,1055676.17173115
3971793.71984213,1054683.59853726
3971926.90262896,1057313.123486
3972728.40094,1059841.63826017
3971954.28412814,1055815.08080692
3917792.59683876,1082125.85924065
3915475.62004133,1079281.34955805
3979398.27962135,1009630.16052139
3982410.37465065,1009588.48707405
3978464.6339794,1013724.00921668
3881063.65731189,910414.904849455
3879763.81393832,910843.359754287
3943635.8091846,1097320.71681582
3944711.07750734,1099394.61247025
3945407.75433854,1097519.33743123
3942799.83052878,1098365.33571758
3944881.05242955,1101528.68638679
3895330.95739136,843565.8823567
3893487.67902814,844030.202556641
3891203.93818625,843509.412091755
3897542.08699464,841748.092916796
3887741.36251857,1051394.2238741
3886587.22478595,1052512.32254378
3883720.35907988,1052813.27754789
3887262.33245424,1052577.14344368
3913395.70426317,990865.361899967
3914692.57869341,990889.913690573
3912298.25974805,989476.65649304
3914236.33419232,988548.14360232
3913980.01261448,984800.434520867
3985433.11798733,1098746.76849678
3901229.05933309,908995.576656888
3897956.6926077,909228.95704921
3900920.8655003,913940.405525924
3904291.22059717,911981.174052266
3903917.75198365,911805.921578019
3857805.28581839,899825.852013228
3859506.59374837,900445.762203318
3859741.3324466,900318.964084649
3949619.77868439,1100033.65963998
3945862.30781568,1101527.54886774
3951863.87695456,1098155.83976036
3911952.29138875,990129.796988108
3909888.09234712,988918.87516214
3945660.55184405,1079791.88754892
3948904.62010863,1079553.31901495
3985500.84771919,1013084.89452077
3987060.09869556,1011337.12049363
3985447.28339069,1009641.06125838
3984673.37032075,1009434.35476534
3861017.57085161,1061721.66828063
3865135.43201556,1062922.86913082
3920439.30369396,955882.294246015
3921307.26719825,955597.609182415
3922022.31628648,957474.738890033
3921511.7040277,952897.422301052
3918930.37145252,953426.928004589
3825311.71749639,875952.681692042
3824517.70632247,878506.497882169
3947833.51129064,1028502.26544624
3946324.51110846,1030529.81041393
3944412.8598439,1031195.39659074
3947386.77853304,1029817.45048249
3951727.50464962,949176.515460389
3949819.06353539,949238.778980191
3952941.82385414,950817.013167271
3954233.91964798,948681.549993102
3951903.67195402,953022.338050926
3950120.10829866,950480.120243425
3958384.00597304,997554.217700155
3961463.46060773,992215.402822937
3960608.88810377,993844.183731666
3899114.72314528,1066997.93139176
3901741.4256892,1069051.17956583
3900804.0700954,1064973.1222234
3900846.88943738,1066115.24634824
3903947.8326423,968174.9230744
3903166.63672394,972235.060244766
3902596.35244017,968838.177299148
3902136.56312423,972416.338731342
3912010.29752602,954540.071946197
3910665.38152519,949503.307757469
3912071.91551192,953503.181503301
3936394.43323195,1040460.57032508
3938859.16116093,1038562.27690888
3936619.56937407,1041733.63110418
3939294.68238508,1042057.10202435
3938422.1131308,1039445.78099769
3859360.44954628,906271.813342054
3857096.76170742,907393.10087556
3857625.64263696,906345.724487256
3853825.86546431,907753.317120385
3891710.91247869,1081564.15294725
3889987.55205173,1085112.25024865
3888369.21044385,1077869.22693951
3794253.95056174,763357.58519552
3797602.5852944,759202.964127338
3792497.85229447,756953.815587661
3797355.885734,761434.33226426
3796416.40549572,762984.929025605
3794525.92375273,761935.545726879
3864351.92567169,881594.430971476
3866331.90315182,878331.740092905
3866207.80156024,879601.568643765
3862916.89716075,879561.782867328
3863541.96296053,879108.033881967
3862394.15282395,878807.997323054
3959011.9679919,1096679.61937689
3958906.95588239,1094172.26877998
3900093.60775024,1061632.52033004
3898317.96263063,1063924.35210833
3899727.85475096,1063566.34446245
3900576.73789726,1059741.77358482
3899113.14016619,1059538.45436028
3954867.2776802,1002948.89947735
3954848.68031349,1001794.58033145
3951929.64213892,999872.758200498
3953828.57540301,1004567.64115856
3957187.36037617,1003601.4729945
3923732.07073039,1077725.27944769
3920981.23940806,1077699.68920744
3918674.36383624,1076650.80728644
3948957.06609293,1006509.59910945
3958070.55944391,1008906.61922384
3952499.26662785,1005079.80240388
3957244.35400598,1008078.19939286
3956746.80682332,1005422.45138226
3953359.4654717,1004333.84345494
3838880.45436222,869083.811727095
3833577.66986374,871758.482270607
3796902.76304693,818805.93110464
3799614.37020441,821467.850897389
3797402.74807292,820114.391551301
3905723.2675619,1004888.98711224
3912112.47203948,1003706.59557156
3911453.67718511,1005647.37464038
3907691.14099578,1007168.33631524
3906322.03279073,1004724.38533471
3911236.36304511,1006883.79567781
3908433.64563802,1058534.4803952
3909461.5078287,1054315.99918308
3911065.47899043,1056342.69848451
3911426.05198513,1054538.46309514
3925711.05357577,900675.386610277
3926859.63404984,899246.646167478
3928171.24567166,902114.520124041
3922471.86414372,898498.03848756
3927349.89887892,904233.572694411
3895180.8645533,1041594.36563185
3896536.83607895,1042461.51844825
3895017.96871326,1042328.08874807
3892977.11367255,1045972.42807618
3896128.05440002,1045920.96454907
3895318.49064375,1041626.54310471
3892439.87055662,1041261.98287545
3896854.56566922,1044440.16598527
3886565.56983378,879043.717061193
3886365.99595999,877099.910485755
3884906.01286812,882111.137879684
3952437.40150676,1000058.06778929
3951785.65636654,998453.652452704
3953974.47587644,1000757.35337813
3954487.71533179,1002405.38306047
3950147.28495435,999361.881542854
3950287.99994949,1000718.91509427
3905772.91801311,808701.860316198
3907012.18699025,808669.221999081
3842079.0234972,827441.764798819
3924941.11879962,901584.059807626
3925682.31330787,900535.169087776
3927226.46469822,902620.705521964
3897979.85026642,1088617.31033837
3894966.47475414,1088080.30587607
3895496.51757894,1089468.43295273
3893714.08898619,1085782.63160083
3896599.44400207,1088926.47355553
3977012.57012368,1006617.53040817
3974380.15522974,1002898.47852732
3968306.75843284,1002910.46798292
3975556.1782193,1005405.95402063
3865569.15670127,1065257.39306646
3864126.58054794,1067332.62806633
3868147.33189596,1065910.67898704
3867157.09796741,1063918.86660095
3863726.66670536,1067396.54228181
3860911.19387015,902407.723489562
3864091.94491279,905744.035184195
3861336.13877123,903824.394060976
3881341.37861975,774641.969134755
3901036.61149924,1063348.80996404
3902586.49279014,1062539.51369314
3897648.25335486,1062665.24337541
3897166.34785718,1066127.93864141
3916010.57102986,1070800.26762206
3915455.65845305,1067117.21083458
3915361.92490099,1065325.37765653
3916891.39858704,1068047.11629866
3915397.42488518,1069417.05243628
3916055.73433837,1067887.01079536
3916375.5805383,1067324.25107212
3927107.89888045,836904.41059146
3923314.34464605,838621.232109655
3925796.06272127,836375.79182879
3767727.35061199,716567.481900128
3930436.04650106,1016714.24501316
3926465.69527665,1011428.81265102
3933364.77123803,1014359.72942556
3933923.14065879,1012137.73334807
3929688.99686599,1012252.92204052
3930246.47779547,1011965.96167369
3869684.22250819,754375.749162424
3865440.6787924,751669.254001629
3869940.43351015,756479.688832103
3870176.43682446,750485.808136223
3865191.97307646,749735.794745729
3867009.28989688,750766.146584803
3880166.44710305,838208.249066236
3876942.00808324,837008.416375146
3876025.90913459,840976.592655493
3879303.72953759,838596.907292598
3874131.69782222,839167.791725643
3878203.72307155,834109.723084571
3878158.62220181,836800.969934819
3876772.5943746,832475.391506208
3948088.56578632,1085025.16122697
3948493.5292697,1082531.46190179
3948238.48165151,1082944.73177925
3945899.2587181,1082474.93256042
3948195.96667177,1084756.85638324
3947712.93725383,1083952.5790548
3902543.22687424,1067764.42954939
3900621.24381227,1069064.24170504
3901856.49127916,1064135.00540283
3902722.68808829,1065318.33351135
3921795.820854,967081.815093045
3912797.51133265,825840.947037808
3912524.05391814,829316.816305649
3911917.0846059,827854.28025522
3914768.04913,827586.236095367
3970460.7367282,1056254.6124575
3974521.02520087,1052253.84801919
3969326.75921162,1053323.26119032
3971140.45510731,1053212.59193965
3972436.26331229,1057358.68934317
3805281.71658654,867590.022551617
3802726.85661223,864792.234550814
3806151.68507355,865707.673691439
3862041.14659102,1062315.9001648
3862609.95139869,1064149.14909833
3865330.88162765,1063066.71815368
3858527.71441389,1064194.44644886
3953126.54367512,1016847.7407032
3953181.66374564,1013716.87506025
3911289.23222612,950354.745598045
3913856.73444258,953056.240488019
3912079.95476717,952144.795704832
3829434.6207208,962987.012064796
3827143.97710504,963970.517985673
3958382.47461433,988568.839581777
3958614.51726742,994997.205791418
3855202.153799,898402.898863199
3856165.34183741,896395.169663851
3856832.81389485,899113.182264736
3852197.33046448,900025.017028295
3801289.22344157,850974.353225882
3795464.19564712,847357.069845217
3797725.81833633,849902.835940531
3891077.42522615,1067782.01058496
3892447.74733083,1064716.64380746
3888928.02624925,1071071.90987455
3885735.13433854,1067901.15350252
3888586.90946066,1069608.5891279
3888447.6635117,1069040.76193713
3939414.70115318,994236.449833092
3937993.76564565,993343.135961514
3938209.28024973,993142.677402486
3939836.29360284,992274.824801095
3938456.03031797,989141.359618903
3923038.47836533,1068169.9382206
3935711.96160353,1059478.81401819
3936480.03188013,1059593.21630306
3936317.64882231,1056849.7960497
3937354.45093737,1056966.53350742
3938546.40086154,1058882.00265925
3940322.8970924,1058263.60306892
3936693.29923681,1060338.08990495
3933561.02316712,1060845.84865256
3935457.6398094,1059704.12814415
3898782.4633919,1061549.15150857
3898549.92234806,1065503.92836171
3898078.71824125,1061636.43234327
3899562.73515156,1062227.6954622
3964065.42540141,1036887.76132657
3963278.75192364,1041170.98565536
3963110.49913987,1037247.29159572
3966342.33386323,1043516.10948535
3967692.80784523,1040381.15029993
3963782.05479185,1042768.13130108
3963724.29258714,1037098.13167967
3964789.15249839,1038556.85812483
3963754.6916525,1044137.16848809
3928614.10496674,1084056.10995223
3926219.37013368,1081414.16747934
3925118.3649401,1078473.60922733
3928493.89722514,1083611.99318457
3925450.50162345,1079892.75654035
3931193.07843625,985541.525327354
3927343.38074281,989682.383459977
3925239.23088816,985631.867133184
3921885.09716472,986755.000822988
3926700.09744699,989154.200009783
3930939.77129964,1065180.90059009
3933583.23825642,1062193.84216845
3931220.63466261,1066385.17725296
3935552.50773187,1065234.91541274
3931497.52513446,1069492.86307829
3781361.06382062,715219.002263688
3781078.05150501,715573.678441552
3782788.96166354,718408.30476559
3781506.63103309,714118.904212728
3781474.13164009,718498.917312936
3779400.60159795,713362.728356923
3900236.59472082,1064614.34912003
3898474.58436902,1064235.76799659
3902957.37926821,1067566.693989
3903352.82164425,1064162.45336287
3902625.23882019,1065962.99361626
3916275.69264357,1065876.93999425
3914885.54247076,1067725.59663614
3912734.82079097,1067694.04019222
3912159.62916081,1068918.08851818
3913767.86606508,1067869.34366152
3821389.79077828,874405.528193674
3822298.78060874,878942.975017846
3827067.42214273,880724.406104102
3914941.1828745,962205.668374902
3964197.40764251,864658.335423119
3912453.2224249,1026941.94825515
3914052.13962217,1029791.05261943
3910997.96339798,1033141.73846638
3916086.39822465,1028040.65254013
3914091.20401835,1032714.73405536
3981384.23996016,1024057.88866175
3984812.20347896,1021364.95845291
3979522.30047258,1021221.97000942
3978644.8724105,1024044.54547934
3983135.04640353,1026264.11748365
3848874.72703211,721736.913152807
3854440.31956491,720174.345811362
3887039.39654621,1062348.59412216
3889189.47820921,1061266.67660456
3887070.22052895,1065219.67134322
3890145.36773203,1064076.40219342
3886709.71724293,1063670.10448002
3883256.74130073,1064005.64101763
3884708.93148684,1061692.00772313
3950862.96637944,1082445.01046798
3947441.58163088,1080545.3456827
3945819.33109092,1085928.71989069
3946313.79871155,1084387.86895729
3949165.73556956,1083538.82699873
3900215.44518989,811816.260441695
3906572.40997264,807117.194059344
3956140.60626731,981828.2044129
3955662.53945261,981867.993004124
3956801.12932662,981053.34295434
3956768.9077481,979254.557261398
3955653.84966438,979220.133606975
3959562.34285221,981554.239319281
3954112.89389028,978686.755968466
3956919.99696651,982863.770837458
3954907.28262749,979816.374195052
3952687.40275811,979268.35502812
3966221.16757583,990399.541276549
3966611.79939089,987365.563550952
3966564.88784012,986193.822635474
3964882.59776654,986924.031831849
3885057.95418304,1053233.23650523
3884820.58651735,1049648.9766987
3942501.02627839,941471.035500678
3937594.73934194,944149.033459503
3940290.73034834,940767.761897704
3937346.49862936,941080.85426299
3905388.64212783,1029742.91164092
3906632.97265692,1035102.34599118
3902853.75041331,1035690.38729526
3936825.74391034,1064092.10913747
3989652.26140951,1013475.06196421
3988105.77228145,1008319.19939743
3983718.70585185,1009175.60686189
3982855.38689673,1007561.19418648
3899017.13429587,1089735.17514535
3900789.16023766,1092813.38845373
3900690.02796986,1089589.52199655
3901687.65257874,1093876.27984147
3899634.30090394,1093173.22637251
3959775.34187296,974920.911281395
3958709.16904898,973551.743416779
3960520.79535326,973418.16381365
3956407.61806873,975159.188975126
3956175.48905882,974828.235425446
3913127.92127638,965045.595979507
3914393.1949532,962354.195360298
3912467.0090523,959459.407774972
3915182.27598938,959212.387633559
3966003.0098947,1021184.8800199
3961743.95253574,1017828.89896398
3965928.80560181,1017210.06028545
3962044.65113842,1023097.32958592
3884819.02038566,1024096.89551281
3887371.76946478,1023585.89280452
3890734.53136795,1026431.01085213
3891866.00696063,1025937.00920156
3951383.54098886,1012134.92680523
3952999.99018129,1013187.06075272
3832061.43373622,946501.030251587
3832596.18794847,947280.51934179
3831947.29765397,945608.878121104
3832959.6090013,945971.265440606
3833174.81539536,944362.298144563
3836809.09881614,943830.820916249
3887020.18849752,1066091.09455437
3886202.4009604,1062084.65874955
3885654.4848171,1063491.64259792
3935006.17537189,1068132.62122398
3938865.25542786,1066732.48664379
3940132.38101744,1066498.47522991
3941399.30855007,1064473.80325571
3941832.36080203,1064828.3766966
3792459.91199989,761404.987299203
3794554.68940704,763573.520477651
3794177.02804189,761841.216900868
3943950.30135516,935455.918348319
3943803.86527624,933412.23164627
3941462.52376562,936737.525749017
3944699.15974146,936570.414934896
3947453.6748826,936401.936973641
3945834.87404413,933950.821581286
3944377.72702489,961473.814304525
3943831.75597996,962318.942040061
3982394.93861259,1032750.75328117
3983403.11332293,1035624.05957452
3985315.29172367,1041141.07207874
3981679.18226844,1035298.85416873
3797852.26778971,935699.29943297
3799151.89480812,932358.363781434
3798467.66529022,931617.835182347
3795827.63859345,930709.27357975
3799449.39886964,931791.930052189
3798988.21254223,822063.355024863
3800775.95805551,819998.620829771
3968621.21914333,1050765.18817226
3969078.12797582,1052444.82927797
3964038.15592196,1051677.64225242
3969590.05637642,1053362.9758502
3966570.23187011,1053786.05568606
3963021.30987643,1051010.04131061
3967852.8731101,998378.346801956
3969824.05768256,996329.269949344
3967614.59217252,995644.460009324
3901963.01833426,971955.729585689
3902034.99208655,967669.255020438
3764133.35360549,704404.00879766
3764718.36048879,700453.332026544
3768743.79072534,701040.799911074
3939476.48402656,849605.049804213
3870421.50857417,834816.883771411
3870059.35801678,829112.531811544
3869955.8100528,832610.472177903
3872526.32603296,831410.48038024
3804726.65952193,757801.529955786
3872990.85363235,1021757.39749728
3868898.19489837,1018797.47493493
3947842.87179699,1098498.38242456
3949148.19000406,1101460.35794588
3952712.43415155,1097203.69487923
3949277.22870602,1097230.98748565
3947284.2143173,1101156.55693986
3952654.39107856,1099132.56680988
3950186.00570402,1102337.36245051
3899983.1987079,1054784.04367907
3900570.60258863,1056097.87432659
3994853.63744488,1083512.00897784
3998009.35402969,1081353.97114247
3874346.6089933,1076030.16754735
3871221.71253104,1077732.3884945
3871527.99886778,1074396.58618522
3872764.05561914,1074852.74382112
3874907.29322301,1074300.7562381
3874982.52742049,1073844.54584282
3897991.82937638,1061832.93781464
3800119.14681012,849952.157752644
3794832.95093581,847723.045132956
3798437.05632933,851293.201577421
3799726.43802826,851553.725555473
3962122.503734,1025656.52473086
3963533.31643382,1019421.30161418
3982485.99815951,1021225.22056882
3980619.33687299,1030255.65752425
3982790.90303864,1020938.63044923
3983011.58690215,1022186.52667071
3981151.93296062,1023312.41520125
3901998.43252645,1021270.39283775
3905657.72786626,1022011.25339992
3901481.2139903,1019769.09210575
3902298.46982586,1022194.65825511
3899474.44478033,1024038.59373551
3959216.94587578,975471.39623632
3954808.52541793,974218.831257729
3960731.92276508,974896.16344366
3962984.53590409,975702.195129358
3956064.64666728,973335.58299821
3961113.59880108,971913.927930015
3959534.7730478,970667.491673035
3957205.56455132,974289.819847559
3899705.17701359,1089740.99177697
3902879.23879084,1094812.62874865
3902287.11141707,1095966.0620285
3787876.0536007,844373.31640528
3787164.70401433,841504.670396565
3790710.66363988,842504.045630045
3936464.36442647,979155.483836564
3937246.69779795,980837.023592632
3940099.06609886,980249.642245656
3938824.86934277,977414.551857049
3937804.39762557,979434.21385447
3938342.12343009,979056.47730395
3947750.53978196,943536.389745526
3956790.4922509,979298.767577707
3955187.59520862,986129.224421219
3961721.31131781,1016291.90367944
3962608.33272473,1013483.85950853
3962936.75880773,1019388.62338146
3964136.96137852,1016393.30918267
3964502.17907919,1015410.33746238
3961811.68411855,1015518.73349532
3963907.77927789,1015605.21129445
3948622.68378675,1084817.39699893
3947225.29634305,1080472.09146663
3949267.01413748,1082276.1668653
3947602.40061625,1082755.22847246
3946606.36319943,1082615.31572135
3797614.3666715,760787.120986416
3796926.41849523,759298.495879424
3795783.58185292,759460.086584752
3792578.01675576,757932.468158988
3792343.94112153,760983.910074415
3796010.3398707,763005.626249397
3944815.94336369,1006501.77408927
3943308.48869774,1007335.02839746
3944572.80285706,1002696.23210067
3940017.45278634,1008094.67178021
3940706.71836578,1003218.67549192
3944987.13772598,1011242.54690755
3945960.5447549,1008576.11242183
3944686.08902469,1005804.17267645
3941972.74938215,1003196.19957869
3941727.02271513,1005667.62772942
3775546.74512568,701786.155814835
3777372.5568064,702879.528340946
3776927.28292365,705570.287587172
3916752.0799548,1045706.70578957
3914032.77381802,1044037.68667048
3915089.45024272,1046508.0672994
3973439.55001868,1087771.97828628
3972259.86773277,1083517.0558622
3971203.68336972,1084335.76911444
3970495.79516994,1085980.80059328
3973478.41039699,1085510.07896624
3827608.90010832,877734.464332741
3936771.84965993,1057286.34654566
3935004.39519858,1058656.56180524
3802800.38131437,803353.453410843
3787312.61315589,842552.995519719
3960421.86577786,982179.857097484
3952196.62299313,982331.624620217
3957699.65832066,979130.49439481
3956614.69119545,981602.413567124
3953192.20388375,981892.610299876
3898763.35500211,916154.072273279
3896319.06276986,914847.034330075
3896051.22182689,913397.963133427
3915939.61757088,1067521.58147728
3914882.25037071,1067161.8029424
3913865.89011489,1067556.815758
3913447.79332906,1064630.23263624
3913436.54862443,1068091.61647161
3916168.16528906,1054657.23892926
3911205.26366269,1053055.65865341
3912848.82853058,1050152.5392856
3911008.97788061,1053831.09755149
3912434.70736997,1053225.47910999
3911892.35182435,1051545.82748002
3911794.82697693,1050887.21773296
3910853.66862535,1055644.63968508
3835251.83364227,707322.709706484
3832870.9263776,709185.900953287
3830930.26955061,707848.707042395
3830625.09236704,706157.198332935
3934456.60308934,986212.432984912
3939884.79050638,986118.740573859
3933224.5120867,986542.423281037
3932021.16381432,982951.969558991
3876321.74386051,908602.64055734
3880121.38065592,910538.645873268
3925923.0455795,1047730.27550769
3924998.73813322,1048638.14734527
3925250.46106062,1047897.09754758
3925179.04412072,1051730.79026633
3924004.65899747,1047179.67887101
3927211.20210385,1049311.11925653
3918945.31420814,1037689.26174577
3918549.86295633,1037791.0993222
3915703.83073767,1036273.94796955
3922920.4353263,1080726.41441924
3926655.03718531,1083319.84774453
3923424.27817852,1078289.73214332
3923685.56889428,1084011.52829818
3929464.08885214,1079858.08876073
3928821.69076932,1078611.00936797
3927773.0477739,1081416.89593826
3928790.02746977,1082650.22094054
3929655.53597186,1084306.48487708
3927193.93271312,1079748.12575656
3937979.51004568,1038862.01612391
3939853.63452737,1041733.05903257
3939112.02387404,1037754.45233596
3919961.93705737,955063.597614253
3918377.2120366,953440.707440991
3920076.61988765,958731.097536012
3926210.61743366,957460.61734021
3930431.20518981,876274.545006689
3924805.19487011,872678.255870249
3925923.64769705,876526.691707677
3926277.68762059,873201.303317508
3925905.1059529,871779.256845416
3900026.0568659,1060956.7743773
3898274.8612595,1062746.0113122
3900811.19112536,1062428.33414555
3898322.97209327,1088499.18902644
3896711.47299656,1089107.56455514
3894614.78373871,1092836.78747284
3897941.26507,1092847.33067772
3899307.46006933,1088608.73805718
3969562.74383624,1000525.63789681
3968837.11481064,996836.897820836
3967473.40512821,998682.459257673
3966805.93360148,995311.808076011
3968921.55392973,1002133.20920414
3908214.61923443,1091238.89760413
3907266.79778594,1088671.56965242
3911159.37840654,1086275.21247828
3958672.77087994,995923.963242087
3959373.67167798,995806.807237851
3776550.30589,704940.519151706
3778647.32282664,704304.056451163
3982785.12401253,1097306.53388719
3984039.79025916,1097157.5503988
4021509.12475268,1056902.38770906
3816018.03678325,865842.467045849
3819937.57288602,864634.370004306
3818437.09548149,864386.160555903
3817847.23150994,860631.56058164
3858645.49453365,909579.826448122
3853862.00653397,908568.526917966
3972097.05774528,1053548.6929141
3972468.6222294,1055611.54436969
3972347.47488351,1053924.59796786
3970014.19180914,1058866.29686048
3968604.29723984,1056260.10317002
3933113.67273208,978200.988961647
3936600.08245608,979371.594429285
3935950.02591542,976898.695191358
3935666.23453848,982698.726672465
3935782.17204128,979177.797621558
3938618.62697905,978382.661819951
3936912.88158406,983923.127327283
3936853.02276902,977858.878262043
3863707.2824869,1061816.27850037
3861002.00997553,1062327.88518371
3862574.05447442,1062984.10424788
3864331.53580194,1065090.66301924
3892421.80808639,1070607.3236498
3889190.97359485,1066548.9241693
3889290.97253983,1071728.09395391
3888642.72056473,1071865.39106446
3900217.22275497,1022116.6030589
3898196.71995871,1023508.7023991
3900442.25743291,1021927.83956047
3901830.4036145,1022821.29410431
3903142.1776972,1022003.82125244
3901802.42780505,1020020.58640494
3967873.88606467,1048645.6040993
3966297.41028099,1051754.11181667
3963020.43152032,1050626.83812263
3976405.22198061,1003361.30166931
3977383.74665417,1000189.11197431
3975927.49995409,1004687.86478577
3900192.34225923,912686.826130901
3901141.61733459,914198.605970705
3897557.30688975,913760.039360521
3941331.4995888,881448.937153822
3914079.15653371,1030306.56335171
3917407.21575767,1026061.6054636
3918198.39096621,1027425.46070757
3802197.55837439,820849.660946086
3797814.52094574,817383.363414521
3800003.52613851,822233.281676886
3957581.3528733,956209.445941549
3954619.01871457,956938.847068618
3953605.89872641,955782.50165367
3951412.84567477,962825.520433978
3953447.60108557,958771.470312398
3951398.66987789,1013642.19498587
3952781.73865297,1011361.76383754
3950627.30581999,1009870.52339719
3951244.84815476,1012860.89688311
3953350.7877874,1014311.53835418
3922034.89074398,968432.492601505
3923017.4064899,972521.69223524
3922324.6288696,974370.893108926
3925504.49603327,973660.544815831
3922186.54055291,973823.869830554
3901143.47365981,1066070.1459594
3900214.39006624,1062909.10062539
3900679.12090543,1068529.03025809
3900570.17225144,1066968.73544506
3945071.25887948,944312.015474892
3949264.15451261,946784.196235352
3943156.2857689,944291.298946055
3945137.44943737,945961.271890847
3949241.85888277,1027641.80634483
3950804.08354384,1028680.41356905
3889160.07466209,1027066.59480639
3891652.7631381,1023974.60927585
3862893.98893114,877683.796759237
3892001.9920128,761948.8862665
3935426.47525898,979298.315669601
3938296.55237987,979628.34140563
3938365.13940797,981222.657830093
3914909.64128006,1030425.5310572
3911592.31763066,1027012.4395505
3914177.06741163,1031428.79818403
3912953.55570158,1029949.60916765
3977383.40677664,1011094.27959191
3980449.62673781,1007935.98134835
3979592.12524989,1010600.94249708
3978880.8883034,1007592.55453467
3981041.25260448,1007801.24805648
3980288.80306475,1010600.88783766
3852362.06950264,727201.185888996
3852320.78170638,727079.582849308
3854716.93480339,726372.162091294
3848648.2512053,724507.634253671
3850155.32365637,723529.263567031
3851821.99976334,723821.446407258
3850119.31272732,724240.212150018
3959632.20706648,973782.938778821
3958684.01755125,974419.679845812
3960129.50522779,975659.813569751
3955811.24094917,972841.320937463
3960146.02256352,977624.232305821
3928066.19133449,1090993.47945489
3927579.42122278,1093863.92605716
3928695.23564274,1093745.75996554
3932044.99905211,1095802.2933387
3927549.87091698,1092179.13508998
3955141.17797879,1000071.06411627
3952712.10425201,1002484.65304912
3947554.11503107,1002392.48684431
3954593.47755748,1000349.47860347
3802288.67406348,851056.760268928
3797307.03714592,853195.838919791
3901905.72019951,1011841.66029161
3903078.77971717,1013334.21614823
3875268.89204851,777323.705984337
3874213.06964105,777837.165197434
3896750.88236036,1042558.77105737
3898596.9523894,1042893.19702291
3897758.15225485,1045706.35917125
3894385.30422755,1045511.4248462
3869963.73971333,830974.09969175
3872126.73754344,832620.241197753
3874604.70545792,831004.863373699
3919478.90738,1077556.67504805
3914459.60125439,1079860.08239742
3916188.71759459,1080905.25039694
3961497.1911185,1024130.27825349
3957789.52885161,1022099.08014838
3961865.89315035,1023143.06234426
3963102.76876651,1021318.10288444
3965656.61605193,1023618.25086589
3964412.80923482,986160.472288288
3963489.0495345,987053.291437689
3969330.67650071,987488.330606875
3802396.94586676,821077.515748203
3795758.02969993,821165.853208148
3994646.56118138,1088097.29588825
3994896.81051239,1092195.76974399
3830241.90630175,837165.821790863
3833149.43801978,833471.720874861
3828763.9717135,835376.415993753
3930495.06529167,1041827.48916516
3924646.64357776,1044754.57248107
3928815.56624763,1044212.71620629
3901824.57077524,968787.871830085
3902728.50853716,970066.679014928
3904243.75294516,969131.074659718
3906559.79710591,811428.254190493
3906386.77719603,808888.431737916
3898048.06773459,1056222.09880831
3899839.64238693,1055130.95325263
3899536.30639213,1050584.25607085
3920503.66550011,1053059.31958589
3921926.37865395,1049968.31961043
3924284.06759796,1047114.0106284
3926268.28622826,1046893.66915208
3924903.62380943,1049724.92770591
3968278.17748685,996309.074170716
3902771.88506865,1031813.27821314
3904087.26274832,1038083.21592984
3904199.39610495,1034615.87396115
3942052.61505046,986659.970270831
3940565.18627651,991377.394686736
3936394.62938667,989803.382882247
3939982.26799815,987384.266524921
3964186.68750961,986558.975271181
3962724.64949957,984440.782541645
3959991.67316811,984587.74826599
3962781.09121482,983965.935882572
3855495.70963582,898573.748771746
3856610.43663612,897995.32199916
3855765.53586098,901290.218167473
3855303.65493471,898647.813267507
3987275.02306774,1098171.86448625
3986429.17164748,1100405.78152036
3988184.0805576,1099571.97826337
3986827.26797244,1098536.94628436
3988416.46559696,1096467.10958852
3907271.61364239,1008933.44797894
3910994.25947474,1005944.82135006
3906816.97176981,1003742.82599604
3906894.65503396,1007449.18929083
3925376.08717517,1130620.64259504
3923596.4195807,1132227.16358865
3926811.92076289,1068458.93130723
3925074.0623472,1072868.73800511
3925131.58444664,1067215.1353483
3925089.66278276,1070715.08396779
3925553.74118198,1070832.77493438
3944852.8726373,881745.964017529
3944480.3295144,885356.247333179
3945753.1727335,881343.578641498
3942602.85102347,1099513.74959683
3946418.19777516,1102363.59336363
3946857.37473719,1097958.44384947
3941685.75666513,1100575.73791204
3942437.66272911,1098432.55971821
3862514.67395293,878816.672118338
4029653.06936218,1065087.50764643
3958030.85478881,1007653.95759113
3953329.57188805,1009588.79025046
3956493.07700766,1012082.39590605
3815711.20385926,861244.819788801
3816413.1033377,863549.783860213
3964381.57445368,996007.544815148
3965844.00200363,997246.705938248
3923074.43686978,1069756.25554988
3924723.46968331,1069858.75834807
3924363.79655243,1072642.92219973
3880008.33295318,782789.331167318
3879804.36543592,782384.973298501
3877557.98572337,779416.437997056
3881418.39633643,780588.531990266
3894749.9390297,1081385.55842896
3893990.51168168,1081422.43483861
3894921.89328086,1081367.02449079
3934125.657991,1063066.16310425
3932567.1860439,1068932.97027665
3936049.21295909,1063522.91056786
3936089.66989256,980244.718369622
3933296.79468475,984752.159281137
3937626.01016478,976521.400927848
3938677.80275645,980544.904779081
3796890.04112685,848816.657200563
3799402.28868122,850036.711649781
3798080.54109244,848197.348421429
3792690.8880616,851980.969789548
3796706.10670484,847135.308245543
3798849.98561515,854036.257981448
3805254.76677281,939476.483874027
3807866.96715498,931228.127824652
3806681.62679501,936853.46991415
3844336.61415104,946837.620525631
3846407.0339105,947744.976829552
3846410.3665908,950036.417659522
3956926.99687376,1030082.13919861
3954607.81070158,1034165.17117796
3949231.25262527,1031636.40233587
3952108.94466193,1028795.26768028
3953301.70000983,1030391.92323757
3877779.71712374,835909.231013227
3878075.71347552,840157.828501159
3877938.57558664,837853.869100564
3879164.63692938,836316.052193636
3876457.86873608,837539.408859507
3949297.8156804,1096927.15465785
3950123.7034662,1102657.70130924
3810401.01047767,928911.348843191
3812126.41068911,932168.534116839
3811287.97845196,933348.268636606
3952459.00929552,1004961.48820122
3956736.43538961,1006086.95597524
3952374.28910551,957520.58195456
3954061.5972075,958804.846459118
3933398.84163503,977993.672600826
3938548.76354985,983422.324702738
3900507.2750065,873266.892404237
3857807.97403625,912985.75164989
3858746.70447555,909297.598130323
3936485.31419655,986470.635246393
3935444.62331928,983042.696755689
3933941.50360154,986020.503979555
3931905.97362888,985988.070003898
3935652.67783447,985471.195446517
3935200.59732593,984807.85859713
3926028.0866888,903046.605280921
3769151.33692065,942235.941507808
3767259.93351361,941757.519259674
3768710.1669025,943169.961671565
3964178.51882041,1044086.79248537
3966075.43747529,1042220.56400815
3965564.20907215,1041342.50928264
3966861.77621669,1040654.45568326
3964141.29975543,1040651.85515392
3964795.18566993,1043161.11212902
3964134.67323865,1039414.18791074
3963282.93395573,1040471.43422108
3962680.87503825,1040077.16655728
3782473.42440774,943376.381359579
3830837.30130801,896546.882798798
3831167.57330021,896574.329426329
3828364.73589707,898724.991319647
3858150.97051191,879998.943632681
3854378.01543996,884124.683489932
3854288.58756937,885739.498084083
3857241.7420928,887480.939751136
3850427.1526317,886032.599386485
3951368.94652758,1010893.07148654
3953085.83400643,1008234.8310351
3954425.24487073,1011673.8505008
3954193.34042283,1012495.44565392
3955042.51029207,1014171.3598675
3951045.95760681,1015546.90549568
3838657.55392888,830362.523126548
3843116.01310663,826771.867830526
3936782.95140268,1056613.40377593
3937779.03496533,1060733.88785819
3937340.72560925,1061305.71178718
3938483.64521403,1062205.58199412
3938183.54062334,1058349.92140246
3937431.84387475,1055672.0008109
3884388.27561523,830914.104883782
3887048.88232022,828177.963719179
3886115.953093,830234.074993633
3886996.6925444,829223.307916175
3939175.25320752,1081048.63001801
3946934.41655149,1085285.78510996
3939395.4200837,1080469.23600904
3942322.43565268,1083235.20932067
3940817.68024344,1083702.89719131
3943249.79257618,1083718.74993425
3947930.49959486,1025744.63643161
3945925.36194761,1030992.76429769
3945131.98422925,1028761.93125863
3944257.94521696,1025418.87016081
3948124.16602878,1026425.06126013
3948779.32264107,1032432.84735298
3946408.0812765,1029930.2746155
3946336.00535902,1027094.88080036
3949870.35089178,1027075.92752189
3889517.52105903,1062354.47142147
3887361.63110236,1065041.28738632
3888717.49949312,1064866.93976199
3887208.31908194,1062649.45628824
3889901.74397243,1059763.98790982
3886808.73655365,1061268.97368917
3889791.58424133,1059582.98129287
3903968.92843442,811377.818271823
3905616.57250364,810913.645385102
3878593.59394472,911772.652583483
3902848.0595849,1022102.61457608
3899757.1176674,1022336.05354642
3903743.31990938,1020176.25543374
3900903.06818072,1018513.28237204
3899898.24644036,913671.46543741
3896105.98643263,910982.256851473
3841693.72776158,818168.546226708
3844231.4296778,822014.612277828
3844548.41281904,820063.161551025
3931859.23289938,1068619.53569292
3932724.73489232,1068645.80663942
3933947.27714025,1064171.67483348
3929164.7329125,1077050.20974096
3931312.20467146,1078151.59017978
3930590.80414471,1082562.15225396
3931451.35108849,1077834.44690846
3931335.24789249,1075659.79301018
3930640.25539321,1075359.19881586
3932773.93534531,1079829.12904803
3879826.50899044,909529.753754598
3881189.43840971,908648.835815473
3878731.41103874,908398.723287183
3911069.03395086,1005597.16079098
3905027.93398475,1005907.12052466
3908379.06971849,1008794.82515167
3801443.75983125,838323.607693711
3804323.88756385,838614.407211612
3804522.56204202,840747.636479104
3802124.23338337,839304.209678104
3980931.85606353,999864.140384955
3887228.77873637,1053028.4257591
3886092.47228599,1050099.75866858
3885978.0177151,1051250.35286896
3885918.04703993,1055329.22548837
3944137.56808154,1099830.3279741
3946231.57397489,1101422.17485067
3943660.54122146,1103927.79738554
3943583.62649815,1098354.21097451
3946439.85001433,1102059.09916086
3941167.54491885,1100536.64079365
3943281.19658138,1099124.06448288
3937763.52370049,1102410.87177195
3903685.95105555,1062680.07447198
3902713.76611611,1060443.15544829
3803429.66791158,803202.127833338
3802756.54863573,802038.485072006
3846712.17127501,942278.294838139
3839905.02252276,944936.651304028
3841909.34273651,946368.593720903
3953659.86936781,997346.172419741
3954543.19196159,1002060.98865796
3952915.78769142,998348.816427772
3950905.57421976,1002790.87271969
3953978.63561074,998378.066919357
3954005.47687148,1002665.5840571
3953084.30394201,998306.578785968
3792925.46851926,872164.099187271
3838827.76916706,874354.920511167
3966657.01495143,987776.20015595
3965013.63964493,986956.843252416
3966907.89543417,986811.945686997
3966397.50524473,988820.084874622
3913172.75623108,1052513.67004303
3907344.51086865,1050429.1599135
3914109.04191563,1088163.5558606
3912244.57879438,1089515.73271262
3912599.30889939,1085304.70352926
3937135.81663138,983780.683967763
3937493.76449162,980586.435457603
3935681.6359759,977781.62728715
3939891.90710197,980541.340744491
3939391.75330282,981677.014494963
3948182.76867079,880385.095127609
3941950.3709879,884289.412215397
3944812.96469053,884923.705488171
3896988.47892116,1050598.1663189
3901164.21979511,1054156.60413756
3899462.40128096,1055275.52836811
3898974.59384303,1053167.64200487
3898908.3225546,1052567.07152862
3899067.4495331,1051285.75542768
3952054.78937468,957083.044760193
3951961.98228078,957563.044616044
3950122.39688264,957145.491155279
3913687.36129067,1077988.08841885
3917260.24199158,1083471.37162152
3916442.74197903,1080229.82614554
3916481.93585555,1084033.04759332
3951678.33728479,1083263.95004769
3947888.41917765,1079849.72756303
3949288.66946538,1081617.72928773
3842160.47418974,869645.263787992
3842674.84046397,866899.711128074
3843431.05845016,872664.225870621
3847924.41564685,869652.225128763
3843490.78085879,870225.097208864
3846185.26212693,869144.821750643
3842676.15256058,866605.923995294
3935015.97175467,979400.543533736
3921861.55059741,1045888.95914113
3923783.12830144,1050673.42349526
3921347.96618927,1047072.60702504
3922506.67777924,1047983.4602579
3923807.75097468,1048453.92460164
3910150.76744279,1055903.68513158
3907082.52212383,1062080.6427596
3909026.46374166,1059419.69670008
3908110.11601916,1056303.55806814
3910987.5191179,1055860.80423525
3909428.66963119,1060617.75075022
3908254.17024218,1063659.85871707
3910966.64823274,1058241.17390979
3940096.27846615,1003618.43863164
3944564.34760891,1004829.49462437
3944502.7387011,1006026.08833949
3945470.24263516,1004919.68731053
3978432.39104945,1006716.29864964
3980877.71837099,1009273.20968923
3893743.11484067,1078725.15190973
3892342.87474014,1078639.98579443
3779280.51339704,702603.086124062
3784166.18936611,703093.194564583
3777973.77829617,705683.023523136
3831283.83225629,896418.442708858
3925431.74244094,877426.36606982
3901479.38309208,1022974.16080673
3900920.36637254,1022196.88951222
3899933.97916531,1024375.6240972
3953437.28401442,951730.077545645
3950519.88100643,953745.987634938
3952227.84194647,954952.521530555
3940345.74697177,1078028.04354868
3938140.55597648,1075560.56299909
3937951.73143276,1074019.58674377
3941882.769176,1074351.91096412
3942796.20506763,1074080.6918306
3941143.85127099,1073137.05579024
3936668.06711379,1074833.24959023
3940594.54416612,1072571.10925979
3938820.56109902,1076376.28167724
3940216.59987631,1076722.95971358
3938898.2140443,943126.041899296
3851928.07840719,724945.849168223
3852779.56052195,723336.374637141
3850742.82165202,727157.203891041
3925780.33775758,1073613.85137335
3851317.62610496,1034670.66100952
3850706.79068938,1034455.56105099
3983372.08388905,1022929.22282323
3980431.1008237,1025080.23601975
3982667.64233409,1022992.17538562
3984207.08612725,1025647.10025911
3983565.05462025,1023911.89342243
3983789.67943219,1023397.93083462
3914187.57217158,1075462.85262165
3912684.61011359,1070390.12165186
3915173.13690939,1071811.17588963
3841082.36701427,950021.829056207
3841686.72197033,948064.365159253
3840946.29709681,949782.861813126
3839557.79021108,946402.663218071
3840833.13199363,947815.872783756
3840767.55107568,948916.4296224
3839308.86098544,944092.424512449
3841609.15156199,949103.624260534
3907040.08191971,1004980.43997981
3908872.81727703,1005722.96686182
3906790.45654486,1004134.75815324
3910770.95074879,1006204.4123571
3910501.40342023,1004153.6417417
3769425.99052196,942469.815313791
3772316.73907417,945527.629543462
3771956.87838178,942871.635231346
3956458.60091988,1010790.68282977
3955635.20024888,1014575.98999234
3954800.84808005,1009890.48078209
3955841.86452655,1011187.09787463
3949743.40062074,1013606.71779613
3904246.19231103,815722.685585661
3904274.82606102,815759.599082875
3904868.86024217,815286.214039055
3887552.12448287,879126.41640991
3884949.92875675,879464.392389753
3886270.36386916,880423.145637857
3938094.3999337,1064089.16608528
3936063.8655965,1067128.54874595
3983792.74411738,1101825.67115895
3985646.35010565,1101620.43431914
3795292.64945996,820068.120401354
3937798.10936662,984247.902662813
3936923.57213128,985901.219620865
3935427.77735702,986577.525421519
3935258.29241041,983858.776516909
3932063.81792527,985100.911787257
3935386.13502129,984085.03260958
3932611.93549134,982532.109842722
3851924.44893526,725205.274724028
3854745.99441583,724592.149819607
3924733.48385023,1031355.65162828
3920975.40961935,1030705.37385995
3925170.16051808,1028612.09805768
3923561.77131283,1029074.25229178
3922968.73901302,1029515.83254115
3799595.2285584,847190.937488838
3795579.15271225,848889.574577654
3800522.30662969,850928.394815901
3904694.10601637,811274.2777097
3902886.68389915,807642.619386437
3860327.60957734,908435.818052139
3860228.42875123,913444.157103434
3856671.66205454,910952.865879753
3946101.43432401,1004129.22726388
3944970.42793208,1005990.1855003
3941537.41557493,1000797.1231944
3943937.24637379,1007439.51984426
3973146.7738097,1056062.01749567
3969812.49847063,1058095.24063093
3972042.33916575,1055832.06756779
3971854.37409637,1054451.55792909
3968689.64410669,1057869.28964548
3977708.28184431,1005354.08062481
3973817.88502745,1003158.26677048
3912175.58162243,1087129.39538144
3914069.28720082,1088924.42640489
3910253.72078166,1088526.48140259
3911525.4523037,1088168.59250116
3916773.91663509,1085193.67542583
3915308.39434641,1087118.08897073
3911694.2489294,1087307.22421133
3911405.40461249,1086231.33176802
3801882.82980012,820628.471558934
3943577.70286021,993744.902357588
3939376.36766164,991209.522212995
3940780.28158897,991742.977343307
3942471.90163396,991368.658554641
3929531.99063475,989773.315509558
3924051.50708208,988903.974123857
3925650.47475553,990209.800047423
3927975.91436521,985565.457059543
3930772.12752255,990453.356588355
3927073.04993299,985291.186136516
3930077.08149894,989599.250165789
3991401.29867891,1085715.74202721
3823109.0123103,962400.072769673
3823727.81678703,957960.614575241
3825145.88697309,960036.231091074
3829090.25983872,960761.556961174
3983924.03949939,1097861.35953532
3938108.15663697,981629.625634645
3933041.37030875,979840.942683232
3909891.1028947,916054.463898577
3907784.64080285,916593.999039796
3910210.48874036,914721.125494842
3909854.10119118,914217.475093212
3982607.41977964,1025788.37179893
3982810.96348344,1022102.68735361
3982279.62224089,1027444.57856959
3981748.49580518,1024599.01535389
3980890.44888524,1022853.29295981
3878772.22443114,783447.270883886
3880728.80043038,785623.449671326
3878946.66272804,781717.667132424
3878402.31084276,779927.688275679
3823785.59318046,839247.856882696
3824897.47296549,843443.547579703
3827404.93465939,842845.260031017
3951596.48643927,1094651.11738893
3946171.17609604,1091759.69048346
3948262.89495143,1095749.8223762
3947738.33413771,1098767.54751976
3936362.91603035,996023.683768154
3939447.36047007,991245.842323129
3941618.99368473,993143.098281849
3935561.78131692,987753.2227376
3942980.60171435,989874.724197445
3941258.84971432,989986.698919382
3940850.00004039,990660.743771159
3838985.11899943,941375.912095104
3834971.10341577,946077.88383922
3833761.19062234,943090.550118028
3836395.20611121,943042.776166278
3833993.58969251,941994.998026746
3834742.923179,944650.661302958
3976658.77022815,1092446.30206696
3975164.2966995,1090994.41718809
3974971.95383589,1089941.94765111
3973927.37492347,1090792.52786949
3973054.60816208,1093978.82533824
3828682.66831985,961367.312546679
3829215.54283434,959517.848265592
3829835.02771697,957298.036670471
3825566.20530675,956334.541360206
3966751.08184475,1044488.57858501
3965058.6913968,1039244.68822181
3965913.20964807,1042327.68454619
3965432.52922733,1039420.52041336
3910400.67664955,1059301.17277221
3912036.41287365,1057408.66906335
3912510.02419244,1057459.70259674
3906269.8006509,1057478.26033677
3909659.61962554,1061873.61826658
3909947.46164769,1052681.50260302
3909683.61587547,953734.260840105
3913459.54022113,952242.380831597
3911594.62459327,953572.957529031
3979452.72508785,995145.878775456
3980832.15728601,996478.756432088
3794395.96679644,765635.365482776
3791891.4239187,760124.835699143
3797503.95470975,762363.942828377
3795887.28883637,761803.076178559
3958489.03063238,1094654.64300113
3960137.83677704,1090386.30120049
3960226.38919621,1096735.06939156
3958253.28376381,1095021.59862414
3958951.90484843,1096026.92534888
3962222.26678105,1095477.88795505
3958648.20147735,1093086.21839351
3962497.95720697,1092865.48099126
3959148.73877696,1092923.81654398
3960134.56598655,1090850.87700068
3956793.20127371,1095676.46234936
3851936.27711525,901428.741873135
3853471.94043594,902345.967273558
3855881.26713124,899359.929184028
3855332.76907148,896572.2050671
3926132.85080046,1128796.23376138
3923335.82933285,1045615.19246282
3921261.46128578,1045057.42610031
3922390.63355795,1045720.43251343
3928030.6039204,1045489.42965745
3920622.20139915,1048543.12997208
3908967.35871884,911684.259848605
3909501.59187893,913564.479288205
3907136.28897729,911119.886700409
3909645.64402436,1104167.94174047
3906533.04691321,1104923.55554289
3910676.05816197,1103772.49739535
3890415.76602365,1023642.30518614
3885469.90889926,1022518.77706009
3888247.66919402,1023005.8620936
3888900.66151146,1025229.90868915
3888634.05458237,1024390.21645039
3976837.00769817,1002822.87228284
3971950.60761528,1003988.99397093
3975072.24593751,1001928.73417621
3973222.14400621,1006002.74993772
3971691.96843985,1004724.68726046
3777801.67442992,704689.113460885
3780682.44989205,705739.782945958
3778834.21646164,702472.398084424
3936690.19311322,1040987.17874036
3938561.31643036,1044057.01548889
3940704.38903704,1038227.96163513
3934622.02410049,1041402.46969482
3915729.31091738,1069916.63254065
3916708.33596102,1067118.86297166
3913535.80630119,1072115.07719245
3904560.81765165,921294.047030277
3906992.69468611,919940.349741943
3905697.48169255,919926.225671294
3914786.23013693,1089536.74465248
3904816.66040933,1089924.71367782
3906727.95665021,1088575.37641328
3826829.12521846,709722.864819352
3822354.04848188,708315.034817884
3820253.02886013,706644.571960715
3944043.75160886,1039348.40117588
3941301.76138329,1036999.30964369
3937404.13100643,1037617.66484459
3939183.13833051,1039167.45173995
3928572.69520177,1047342.20622326
3928978.6878415,1047450.20189577
3930086.97677685,1041911.0315837
3926468.72678383,1048389.24388187
3934124.43596881,980222.804132575
3934420.29492172,980813.744673871
3902056.69240081,822427.133416665
3901549.07134918,823717.823823126
3903908.50516024,818988.503189924
3902167.9034964,824114.79066683
3905278.20761981,825675.96356542
3903990.17736101,824466.48726541
3903063.20693159,819722.509460686
3902236.94900096,825419.957676178
3926685.52077302,1047611.01424486
3926973.47634991,1047314.75615319
3926672.22515376,1043427.23922285
3927668.96255015,1078587.10869963
3925739.32691453,1084050.44688635
3926558.91885403,1081857.77074004
3923252.8964351,1083778.92443669
3927560.90089687,1084292.67779073
3926281.30154242,1083876.7950171
3926640.47070336,1084500.0506381
3927457.25460688,1080645.63229285
3928209.89619813,1079630.11760184
3974415.7827477,1096002.76925572
3974016.6114298,1090225.72554589
3971436.96912791,1090952.83429791
3973966.13507467,1092451.44701105
3903912.59167277,1022540.49822916
3896156.84517148,1019399.65746829
3900629.80782978,1022154.26661947
3899179.0090182,1021529.47885301
3900853.39890649,1024772.74561942
3913136.4747029,1085145.87870907
3910566.96330017,1089002.78925919
3910724.99292926,1088320.24008688
3945931.31831251,1100257.49948604
3855536.53981997,910711.764193566
3858486.84276114,909092.743830916
3852836.94429403,911530.414919489
3886617.43691923,1068797.53475372
3890919.7113701,1071621.92098906
3946739.94998836,1095236.00529204
3948619.34700527,1100944.622031
3948300.54940212,1100591.88841124
3949709.54119666,1099277.19350516
3934275.16431186,1066340.80752432
3933052.61700509,1067483.67049179
3936168.80612334,1066407.16033618
3934405.71651121,1065448.75183409
3929631.49574351,1063179.5760608
3943173.77097021,1003392.80264421
3944642.46723061,1004670.27162482
3943510.71000532,1003075.79540171
3942991.15948665,1004392.77340801
3941877.612147,1001655.9007155
3943097.43428433,1003937.96009337
3913163.49254492,987900.652015019
3912887.47443888,989250.251230477
3911796.07000591,985554.995767905
3916569.79044523,988175.222609715
3954858.15499034,951062.813174168
3952144.01639995,951184.096622653
3950923.71634709,949312.80304577
3938357.76558535,985693.865484903
3941490.80088672,989091.562201175
3937295.20312185,991746.02696658
3834107.02463293,946431.143585399
3832217.69458404,946536.527569019
3872627.51236686,833710.449141143
3871546.60893826,829900.997047459
3938910.81995706,1041012.45889109
3933933.10144,1041210.96433245
3942158.16503671,1040385.00751364
3937795.94817424,1040303.32060045
3937560.63690555,1039367.4779541
3941779.07632048,995819.364534763
3939300.75105182,985828.139613889
3942020.62801307,988140.192871274
3940632.78496972,991932.174650237
3971015.10358688,1055767.54081236
3969422.4199045,1058902.34178384
3970794.42921548,1053947.7151522
3972424.39027745,1057507.69332324
3974721.46881549,1056916.90891296
3969634.62746993,1055711.72376588
3974696.18118625,1055609.66265772
3973412.71138959,1055584.29237842
3971169.38406159,1057213.93236553
3973660.43656903,1051419.82308297
3942840.13087476,1128223.03047072
3895589.10330875,800491.624140413
3914565.51119641,1069913.42494686
3913154.15725585,1072616.25408761
3878028.33301306,781295.548067914
3878641.22167598,783665.318831514
3879218.68048991,783416.058637379
3878908.67988505,781653.875496042
3877854.61239283,781532.983718791
3821465.51221002,708427.598207775
3825012.34529025,706481.583745706
3821651.07326741,705594.654306591
3908940.53288385,912788.540715848
3864908.02480842,1063703.92353599
3864337.09402301,1065432.60350507
3864218.25397985,1067783.26646225
3778265.75611997,704841.819123817
3783032.23490501,708495.359704316
3779520.25618133,704045.091263653
3778675.92630338,703589.168242524
3947918.99485103,915386.009913849
3949883.14221834,910645.428874844
3953507.59170246,918455.215717663
3947527.84129862,912359.174705458
3951755.03772339,913453.156919447
3932741.71327912,1083056.02371657
3913230.73448197,952429.38507099
3914431.36180847,950664.322441326
3913593.72694153,953250.530300251
3913234.44869251,954341.462530165
3926909.51833394,1013434.84429271
3929540.6598555,1083565.95684252
3924141.16762452,1081786.73459916
3927551.46728467,1083409.98221814
3926212.60873366,1083560.76353514
3928294.12152598,1083336.46843331
3923221.69408575,1080744.73791126
3914823.8893247,1046094.57568684
3915847.38853868,1047315.00959158
3916773.98258576,1046167.90871156
3918460.19505067,1047254.25936359
3912738.99945172,1044931.62770981
3913448.39119941,1045335.81738691
3915111.41585351,1045136.08249544
3969773.6727362,1087542.89429078
3968362.30169879,1082393.1735313
3971671.04562018,1083169.92271147
3977267.48537279,1086217.55066041
3969202.95518968,1085551.77973985
3968138.48378217,1050300.87712611
3965631.91561457,1054907.96081746
3964791.90994578,1050406.31604285
3964426.3750982,1050394.11049131
3863050.92358087,1062360.20787414
3860971.36882486,1063243.80567124
3862050.17684435,1058893.85838553
3863031.52485138,1063172.49870341
3863368.57787521,1063334.52708779
3944657.2298449,1097321.33121982
3951229.45302845,1095604.06947946
3949000.20619043,1093589.07560318
3948232.39258907,1096486.52565128
3950787.92457385,1096091.08309645
3914315.60928961,1031188.35650263
3912833.03107036,1027331.39135054
3912235.51189413,1028342.75395336
3913247.25545525,1030246.61706285
3867968.41920585,739014.89009376
3908067.17059337,1084636.40392537
3903852.36688642,1090171.88964844
3909541.52258061,960935.186794734
3913578.22268417,962254.465242754
3939333.98162059,984188.693329823
3930452.03553985,983073.82577096
3931632.43091876,986662.826146879
3936038.8143338,984091.585486974
3937624.74401795,1066839.61653554
3933147.35944045,1060944.52900198
3920785.77846949,1030108.71646773
3921423.15357363,1030484.1112416
3920609.49385529,1028897.66802489
3922443.84682005,1028279.30740363
3920178.27461968,1030368.85122043
3919173.00104918,1027890.47895854
3876338.51734151,781614.031588526
3881880.50910423,782581.015280068
3924484.03675747,1033590.74653271
3920101.34938609,1030525.08885149
3925169.40176747,1027683.34838774
3919387.68329417,1031671.57921023
3927418.64369933,1031118.82776466
3924114.04787589,1028646.68034342
3882768.70148266,982768.657095192
3881204.97103841,983159.977198708
3881252.32685277,983504.808247951
3944522.29840081,935724.72813939
3950432.42124211,938917.117208888
3948277.33457343,937141.479019244
3943385.33102251,938214.636844088
3912018.8517478,1043602.13132154
3915117.27280492,1043928.38908462
3917241.9309657,1048078.63095136
3914262.65025313,1047280.62382293
3968732.95429806,985564.477762425
3903335.57380308,1023861.31444787
3901312.3982563,1020043.31579835
3899697.9133014,1029437.23377152
3905132.64586586,1025377.84195495
3920756.70778574,1038951.57548292
3918811.83316491,1034675.62637486
3922232.60098618,1034393.68027216
3916918.15254501,1034672.10947549
3919199.58305697,1035618.13193056
3922479.17197413,1035727.72556005
3921660.53252381,1038469.81762837
3900652.27883204,1053034.3965762
3899659.33784447,1057606.36717425
3892104.53532221,1085880.01123909
3892458.42615639,1080642.87101472
3894467.21007378,1080219.03880623
3893259.32635573,1078822.70345103
3891110.95907814,1082298.16038737
3891766.47989182,1081729.49555065
3921649.08662818,1048990.01210995
3920425.15790112,1045677.16522962
3923576.79023746,1048080.67946563
3923914.19413563,1048932.19523658
3921381.71929029,1050428.84833005
3924440.12874775,1050175.00432315
3910934.08197701,951479.23308279
3912601.1343832,948901.194679079
3912438.16459702,952979.866776734
3914426.14284921,952584.023876616
3910916.43198299,950662.477278551
3844590.56205488,765463.488449189
3819294.75724104,707757.47059247
3823318.61959169,712122.261542062
3825268.15365199,710789.390266267
3817612.67459293,864301.70152946
3819312.78480584,866495.247892978
3815971.44830737,862423.657514859
3968263.27550898,989887.957088679
3967138.14776664,986405.418839714
3967758.56016507,991830.091111807
3963710.35023541,989186.03005767
3970244.39540674,988682.563456469
3970596.73686466,991159.276895175
3959822.15284151,991239.698194259
3964253.28462506,995844.835328524
3962137.97397837,993483.764284519
3961143.86708399,996429.809253906
3908686.52222244,1084000.19379968
3917046.37410872,1087208.32219236
3912387.27706463,1085904.22098989
3963682.77517482,1016952.72975435
3964156.35079663,1013741.84174767
3964957.47373546,1015353.23559545
3966704.90458774,1017083.51762385
3963301.12273931,1016641.65898475
3930206.23460412,1011244.20252173
3932845.16759469,1012694.89547527
3934309.68807607,1014522.73161087
3933142.48119777,1011163.20634489
3927123.97136396,1013392.84936676
3931052.97501617,1012536.72213432
3914164.30157056,1048132.39052159
3913422.5209851,1045225.94222006
3942261.4063906,1053812.95840657
3941113.75592893,1047882.04939903
3944635.67612057,1052701.61710927
3941317.48678902,1047501.24667922
3940755.66970138,1046100.71442164
3938992.36010956,1052773.4156881
3841334.79360849,821965.101404078
3817684.66113017,866610.991263624
3905180.42041845,811655.595831757
3905810.20899091,809828.63588828
3885732.91017809,1061552.00882698
3888695.77074559,1064136.59412606
3877688.72297932,986733.786310088
3882041.87510567,984632.655900367
3966902.90768756,1038969.24692987
3963344.54344293,1037389.5909488
3962284.90956463,1041724.04680944
3967828.69629168,1041720.35760854
3963845.26331955,1039450.31250752
3964329.10301878,1041923.30461669
3891396.99723147,1077998.92487816
3889816.85999405,1079210.75773567
3890307.5579056,1078390.73585223
3891075.04945974,1077005.61482211
3896653.4998721,1079835.33110467
3893567.80963906,1080327.41478909
3939618.39573161,1085718.93040039
3942833.58337417,1004630.48090098
3943011.87685691,1006320.42867128
3944231.87596577,1005177.64306153
3943558.31313146,1003695.37253257
3940522.88164325,1005648.20145069
3908154.44721324,1092202.71595272
3952851.44961198,1099635.49870508
3950102.81854968,1097663.32312875
3952577.86675088,1096849.92136289
3950101.95607139,1102147.8644792
3943206.95067636,1043836.78031082
3939049.90769464,1042091.06134792
3938513.87079431,1044523.37672567
3940307.08153728,1038990.41043866
3937522.38193189,1042482.42999756
3935962.77464773,1040004.22173852
3818822.30725973,861053.451277424
3818422.0302612,865669.976057185
3952085.80648054,1003638.10401771
3955101.41184366,996545.944817271
3954347.2017188,1000618.64814421
3952933.59915254,1004573.77174519
3965696.13471585,1018615.40851555
3965636.42308311,1014910.61596207
3961613.80384261,1014737.40440676
3763520.08432561,703277.346056618
3887010.78281773,882627.165745284
3884576.80950845,881218.3996484
3875999.38797473,1076161.77022511
3874329.51149999,1076561.1570071
3874329.27031205,1077867.85751326
3873304.5337689,1074175.70716855
3871938.47975006,1074484.19311663
3873270.00576392,1076241.74396303
3873631.74555037,1074484.85572879
3913226.03462117,1046986.75737952
3914677.08896953,1047961.07676353
3924173.61387245,898612.110619706
3924490.00128658,901835.904547032
3926108.09478696,903194.320188791
3999922.08049274,1084841.70244374
3953122.90473024,1029083.51651046
3955266.12555188,1027476.8925444
3951135.42409073,1030059.71444528
3952393.66566368,1084169.46647477
3948027.36169917,1079501.02280178
3949096.48531323,1083789.16743347
3951072.78361352,1081737.50482507
3951661.68575234,1084655.23633962
3951443.02937299,1077510.30877366
3933783.48795507,980138.189640629
3940896.67539308,980558.777820501
3905164.84914207,1023600.73508626
3902223.30052554,1023661.38405658
3860775.95799542,899502.345412212
3855938.0380146,895670.628292295
3854036.35331706,899555.295545156
3854601.79238301,901304.834194026
3857452.77273707,899433.073726702
3903315.88048585,934403.412382365
3899641.90239053,934978.894266054
3898561.87584999,932913.80198095
3937460.13299818,939907.513724335
3940154.91074672,941947.968195645
3959753.1913274,986720.04153118
3961278.76687133,985608.113227703
3958364.24974429,984320.051618487
3962284.89355619,986843.339444429
3886866.32574545,1067806.54041253
3887647.36178843,1069208.5917925
3886866.11528094,1068909.09082726
3963706.46884808,1012364.29433644
3965140.68298434,1010835.20419664
3964699.59593418,1012902.91085102
3962742.66254007,1015678.10352054
3899738.10203946,966662.15309071
3902341.67370399,973499.447366779
3902747.08138066,974249.250115808
3914984.18534263,989363.168257462
3912156.04988281,987232.117975715
3910976.85890497,984471.815111827
3861827.44515047,875400.788618528
3865437.66286773,878901.746328632
3866335.78241247,881330.754001631
3866972.65817398,878642.801930499
3968014.76798126,987881.877551838
3967142.29104039,989074.207881927
3969599.43174294,986411.288349869
3926056.15333083,1068429.33267882
3924175.41919726,1073315.83378807
3922483.11532822,1070214.10290054
3954533.08457179,1009764.28530213
3953173.23758272,1009485.38683294
3954901.99087419,1006568.6258075
3953502.98213975,1008920.1599676
3953655.9374266,1005806.53918258
3957011.33438383,1008589.94902655
3824879.46589227,955895.959572937
3829342.56196754,960261.867514862
3827284.21063402,957437.694602786
3828546.48001393,962702.063148585
3940627.2175188,944437.216153869
3937031.209594,939924.466179353
3940248.41724111,940541.182105126
3955444.06854997,979683.263339443
3956022.17369419,980865.439049473
3954957.53545127,981849.562201157
3953043.0604979,979449.264866145
3957643.68004539,979993.920787607
3956213.64953736,979192.943897882
3955254.14849866,982780.967637551
3941979.92544369,1098443.3193431
3943833.23323434,1098137.75346748
3942282.22041636,1102808.30677635
3839311.49783062,872280.610437109
3839457.24223813,868611.477974209
3841821.06799361,872404.452302766
3840697.77044159,872762.402416501
3838998.36663141,872253.066174834
3790833.80447132,831612.444183134
3925338.50675766,900553.841886095
3924667.79725031,901363.513130246
3923850.97717764,902258.928875985
3925729.72814355,906433.865347479
3910556.34002838,1059250.09046582
3911608.88552627,1056459.53058866
3978182.86797456,1010716.36705819
3973023.44391199,1004709.90995806
3973308.50089811,1004484.42892252
3975731.15507205,1001751.87575713
3975579.17213093,1002603.20841594
3899712.9458678,1088282.90697303
3895252.7777776,1087411.72836627
3894797.54187455,1090999.74111388
3900250.16616618,1090110.3676109
3897483.98396722,1089302.09458617
3827406.47942955,959797.805368827
3824215.33554091,959244.129960506
3900621.10247467,1054271.05094644
3904181.83047879,1055060.9214488
3897996.43137658,1056028.35436488
3950430.06815822,1084028.28492552
3954846.98935188,1080338.16262441
3948434.73546379,1080854.57433615
3950148.23567112,1080969.48705849
3949793.78654846,1084073.34213707
3949087.25647384,1078880.50327483
3945926.82461786,1080173.58512815
3863148.52388686,1061991.27680899
3864736.2115743,1062870.7476144
3867456.16306985,1063769.16634567
3861959.05223001,1062070.27071213
3863261.19465707,1062668.66204719
3862782.88906686,1065330.48448971
3872100.37141713,1018898.11426801
3868343.4686947,1022250.20882557
3864426.55407972,905559.448773369
3864176.88429871,902543.782341565
3799848.20599243,824177.80930697
3800375.17880173,822107.478201206
3889309.83627094,1069287.20417698
3889359.14691476,1066648.57750162
3888163.45345561,1071773.47386309
3949269.88180593,1098569.57063149
3950783.07874681,1100004.66972864
3949247.30202373,1030782.32211513
3949024.50714635,1028648.75948457
3947988.46966122,1028804.70897377
3948040.71693442,1029264.6013053
3945867.58633398,1027097.11343501
3862400.65889444,1060477.05308522
3862176.65791704,1063895.16600851
3940674.28777942,1064096.35793185
3936408.44590137,1064444.51136062
3938728.28719688,1065100.27024277
3939275.11743644,1063530.29627262
3938744.35460848,1064046.17066477
3777316.88556187,705267.136850899
3783210.36703941,701773.464398122
3987010.48317874,1035274.00173019
3985603.10597743,1036619.79940977
3765625.06840131,945263.997398489
3770290.89214312,945069.595771503
3936398.38515569,1045937.5090137
3939819.92822416,1043903.21122874
3940065.790862,1042994.90444736
3942124.51035663,1043555.96175632
3937144.60100064,1042669.75712937
3939637.87982088,1043460.28280017
3936874.76340204,1042866.79799091
3940093.49691826,1041946.88991527
3937554.40690653,1040733.2396379
3939026.37960714,1044046.08635001
3919981.40173354,1026249.94698764
3920102.09099479,1031322.23015739
3917158.93990707,1027550.91309564
3921325.48696067,1029346.48241487
3929513.39249639,874986.466148501
3928192.47377472,874893.217977398
3924999.23892144,875322.225085308
3924523.88684338,875873.228612443
3926287.55737665,875343.576979606
3941968.47037935,1054039.63726985
3940423.76938054,1043110.41132901
3939863.98504808,1047916.22888252
3944746.94368748,1049981.20635696
3833492.53758329,707635.212658787
3830172.68548074,897474.036918848
3832188.68999151,898822.085643291
3830144.50333041,893970.779456078
3829812.13658501,894483.226498781
3827639.60209366,897055.7548248
3915796.20531046,1073300.7494117
3913648.09223361,1071224.2402121
3914953.38091061,1068951.04726745
3915895.4981563,1072015.24222297
3931961.5081458,1066217.81677966
3935514.39500054,1066831.67303025
3934947.42005269,1068255.13574852
3805649.91875245,837770.416230325
3803418.51147189,842826.78593996
3804467.25310816,839548.939232631
3870644.37345822,1021683.20059706
3874479.43230981,1022486.57149184
3870855.42328689,1020125.12488933
3872153.94368504,1018643.30548557
3876904.92670763,1018553.21149502
3869609.97739463,1021647.98264739
3856965.93705034,905405.927953178
3858142.88867286,910187.757338118
3856952.1915369,908902.072125835
3877901.44533189,837473.993317283
3875866.23891601,840198.833448377
3879753.30879383,840625.109486909
3876104.91759548,837352.174565584
3901536.73241848,1009115.42431535
3902293.28529982,1011176.19697927
3901602.20005694,1015116.792204
3902804.82314141,1011885.41119023
3936595.27438037,993233.427467224
3942576.70511863,990536.220763216
3917132.19976153,1090398.66045611
3912050.261026,1085920.01260272
3911889.75642542,1089406.89550917
3872138.00404101,1079444.12866273
3874365.96081291,1074446.22395781
3873453.16998147,1075197.12105662
3871558.82892249,1074849.76143019
3870276.37419392,1078432.16358534
3873173.59784193,1075839.28413309
3873412.99744479,1071896.29735081
3872782.27502779,1077041.89232707
3941149.52127198,854657.346683749
3939748.15931053,1073230.99022667
3937780.06488327,1073569.15863729
3941127.03826542,1047375.45641084
3940329.16152805,1049872.15124015
3944427.43461066,1051903.59225819
3943320.91277524,1052949.8502639
3936293.85283013,1044748.96401585
3937338.04614383,1042499.79898338
3941806.98145523,1043437.11148559
3939090.94783641,1043339.75625199
3974532.14168203,1091940.78539739
3971835.91903309,1088842.09823865
3972625.43675632,1093445.13345122
3962354.87531585,998028.876355813
3955769.08165791,993001.28392283
3959367.41037691,992570.989207095
3959277.63833927,995469.542844751
3956669.72512905,992730.785887926
3958674.51753534,991842.176220868
3960440.35708724,995985.932569556
3959411.35436769,996053.668950628
3955675.26381903,993972.384782927
3909296.32859785,1006792.20788373
3907324.28116182,1005181.61456796
3907213.36781212,1003460.1189362
3909941.46518337,1001285.12845028
3909803.50104401,1006182.06164274
3907588.33707746,1007374.34571701
3906954.86726358,1006694.42826592
3906229.62527256,1007055.2013332
3863621.23667238,1063280.59216771
3967256.35192515,988324.834114523
3965484.85099031,989014.585776446
3967469.38419308,989125.719285
3968723.83609134,990753.731716521
3964635.66693786,1044109.3772359
3959790.3313625,1040680.00427055
3898498.33181595,1059729.11940412
3900589.0951823,1063702.16135888
3903295.054912,1063142.90305323
3900361.78101152,1059320.45766693
3989332.32944843,1041016.65052689
3985131.77786969,1042255.69084123
3986708.16819093,1038779.51967973
3942685.10643862,999634.248843516
3944838.81870072,1005320.93362197
3939810.61278856,1004365.49444885
3942248.6462326,1005883.70172629
3998145.17538095,1076793.83528794
3997699.45107825,1073811.97304816
3998320.51541266,1077179.03501477
3999256.97893622,1074526.78826974
3938405.08562121,1084588.19039831
3938878.01886814,1082530.83417882
3940113.53771396,1084759.65263556
3941442.51109759,1082541.70835362
3937044.75015137,1086378.65803314
3968734.24310555,1054893.56557867
3904030.20717964,989142.616052528
3904252.13449071,990838.786743017
3811445.59734197,956090.302291307
3810801.29008845,953746.324888757
3810495.04131985,957445.624288535
3925594.74328447,841226.724863853
3926232.29418701,836012.738098509
3925469.0840165,835767.862818019
3927053.70877316,838104.777721416
3926406.53304857,837344.517962914
3925029.34803945,877932.517740933
3925426.40490822,873804.084516508
3927073.77305095,877177.915059259
3923809.33542287,974242.683405686
3922730.17843523,973679.909584617
3921996.40005909,972366.473011608
3924931.11259037,971499.909157993
3923394.89006104,975945.18636244
3949272.37194474,1088801.27330391
3949352.87049719,1084042.58218829
3948296.07028824,1083813.20371837
3949526.21511661,1084128.2790279
3946051.6536147,1082006.84128216
3788570.79262632,840866.039121468
3985673.19018922,1101232.01424479
3987728.01128999,1099399.68225101
3985246.49020074,1098129.12349685
3835912.30585874,819656.462303016
3939318.8289463,1038956.67522013
3935098.1213172,1040258.83667799
3934941.87239306,1039632.07490148
3938377.17344434,1039615.43697111
3939602.41753355,1040911.11211896
3940203.43906513,1044558.45242544
3926874.00545624,876936.540225061
3925174.18442711,876590.363853074
3902809.76886844,919923.563393911
3906632.09202644,920136.411321924
3983209.94298603,1035306.49206348
3871697.99784407,782981.564418914
3966984.26415721,986501.460357936
3967196.55945531,990422.025909962
3969946.23421896,987660.910226369
3968617.03876807,984586.064604293
3965848.78780198,989143.428581599
3967827.64561645,988462.794077605
3798299.66317005,850871.151761016
3796873.77732139,852750.072795244
3798601.6779103,847160.802027297
3800495.22431091,851561.860592697
3801276.22043102,849252.999370051
3937770.61030968,983105.781532938
3941069.36563028,981628.635225579
3940600.37924971,974072.47973696
3940605.84591704,979644.354033168
3926128.76453037,859688.045016828
3927289.39731783,860568.681352191
3953370.42551265,952713.158149022
3962401.82322992,1040096.01448917
3967316.39033439,1041474.05817611
3963791.86023409,1041327.1870337
3965763.44143592,1043462.12518853
3967964.14912579,1039570.56074653
3963085.05183893,1043575.96423998
3965159.301864,1043525.51501603
3965701.7580492,1040576.77136575
3937867.96645033,986933.289748673
3940191.03053069,989332.596709737
3936195.60049881,987060.070062928
3937943.40116631,987977.533976965
3941873.17841691,987620.317835209
3989963.5395565,1087245.82666322
3990310.86228937,1087379.60693997
3991167.95347023,1090485.1396345
3993752.65530289,1088943.49767407
3993084.67371654,1085246.91493127
3897757.16983668,1053607.3760862
3898836.04678886,1057206.13463835
3898481.6682452,1053099.27504564
3900415.9085322,1054865.51290029
3896774.04753978,1051471.41041812
3916056.49041034,1066490.19381983
3915637.47097179,1065412.10574424
3918687.08782785,1067960.90745331
3916600.11756198,1066413.35913275
3915517.40074319,1068083.35857105
3870735.3744906,959938.130021178
3870486.36040335,961166.301763508
3764445.74642956,717356.942873962
3764846.19080302,719484.829766884
3766269.75778001,716074.090774341
3767126.54566232,716366.123114817
3921320.04256327,877598.523648485
3925457.4106078,875737.702093834
3923769.74577514,874992.939313597
3946017.72525169,1083365.07854584
3950114.76713483,1084071.44553529
3972628.06900345,1085685.71741372
3968854.86007381,1091603.90897874
3968777.749739,1087982.54012699
3972432.86778611,1082872.95887053
3986696.99375152,1098092.38796278
3986601.07217311,1100456.2750872
3892055.38963318,1024675.9365988
3892979.48420998,1028149.71419484
3891031.49775029,1023519.09438772
3770025.20080897,939793.362754405
3959423.51003156,973469.816458786
3959063.33860053,970317.865606725
3956077.73565699,973990.912883925
3954359.75161586,970309.40836332
3958479.62313458,970990.848216863
3939823.58176673,1045969.10274646
3938785.16139159,1042328.35189539
3937548.08722177,1044613.91657784
3858553.1518083,909546.696655266
3858895.32132218,910292.12175497
3891943.22791645,1082298.57939504
3862766.06016186,877886.308459039
3867148.25092164,880746.548224443
3863881.41316718,877875.712759595
3863781.23248818,878985.085661063
3862610.32328443,880030.965966816
3861280.90584438,879509.19893819
3951111.16986258,912883.364445419
3948416.25991081,916819.745786891
3954438.11830002,1014761.91379446
3954573.99332931,1013029.09656359
3902135.2094494,871425.865623601
3775076.44441176,713557.850578604
3777182.4484696,716581.699444957
3939884.48285023,940710.963110869
3938300.58215353,940368.087077415
3939522.91112773,938766.749947103
3839894.43469971,819025.488280336
3839228.51116309,816198.330217065
3911108.69662748,1047637.96173524
3911252.57166084,1043701.07454016
3917435.89330012,1045499.90110329
3914256.83025926,1044390.1740279
3918023.82764159,1044774.21643912
3918358.70536533,1045784.7443992
3915565.36816329,1043837.69593245
3903161.71427379,919606.261524261
3903742.903672,919650.678599636
3903953.11581476,917310.748035152
3762676.64548206,704052.115398739
3815680.54857796,864834.208671383
3821168.65092425,864064.459800449
3818619.35508316,864943.482747139
3940480.85154131,944689.023133232
3945528.56318246,944026.428707268
3942041.99487817,941363.716903022
3946242.74888052,944006.25255507
3951790.87156542,956024.441237359
3955086.8406186,953223.750725409
3954629.75465798,956805.620794757
3951687.98275883,956461.546792415
3955232.69531566,956717.510140582
3889169.92596484,1026609.78501613
3888347.05295836,1023740.85266154
3933878.69501716,978922.541107532
3933658.8748346,983860.60116967
3936015.60006509,979238.783635653
3934834.60203515,978372.08107084
3972836.34731493,1095288.12684091
3951884.10215602,1081514.79849048
3947399.13150301,1083228.62487371
3948352.84223554,1082921.61759572
3945839.00973221,1083336.27043824
3946023.35977209,1081475.29672501
3946492.77783901,1081744.11057167
3969954.66110036,1053603.75922528
3969043.47819493,1053951.34237669
3968648.55625922,1052343.12506549
3924571.20725322,905385.802919942
3923937.65550921,903153.624725316
3926945.08285009,905509.221309949
3923256.61865805,905703.146544864
3926621.50347934,899501.29235604
3819580.26040009,878350.93609477
3821639.44410631,877867.72471599
3819287.2949027,876902.548308846
3822363.54633327,884165.097466777
3978014.49915103,1010017.81775279
3833829.25483016,948817.509898344
3836042.38373746,947441.080893693
3835353.1128561,947381.908787787
3834230.11237083,944817.207831437
3832913.3260278,944613.886650912
3941088.97174488,1071995.38528994
3939717.4991015,1073597.79522018
3939242.27905079,1075090.34357079
3938082.62660157,1070586.32367141
3940491.7107342,1076497.11486583
3939176.64663573,1076508.7064315
3929391.20762826,1078959.43554158
3933901.47577732,1077142.48639305
3928162.4250302,1078127.98871158
3929949.7716917,1076898.94256368
3951093.64637605,1013511.76280421
3955369.85529574,1014389.83522895
3953092.56685423,1009736.26131553
3952453.78277884,1099158.11917566
3924804.50544122,975578.783189127
3922557.92051033,974154.520710785
3920944.39267017,973943.830371324
3924335.02287223,974594.806820126
3923863.16294366,970350.732544245
3925049.56548762,973880.112852665
3940320.65727072,942525.755480739
3936795.70618058,939525.111138016
3938533.87537012,942175.453610967
3964665.54437751,1022498.90433034
3962404.97155845,1022203.93544753
3842769.46819058,822649.396148437
3840584.97396076,819358.451611317
3843941.04429212,820249.831435012
3981093.87368607,999798.971759262
3981844.83639785,997337.057598836
3983592.65977523,995311.488559516
3978706.50436822,994353.601378624
3978062.70571261,996461.835113076
3979568.89992082,997893.993696531
3983908.25640084,994122.84688981
3978479.54776387,996471.810149907
3914259.29717913,1028544.70211827
3915359.96955297,1032103.25010781
3914675.24792098,1030878.11416044
3912510.27291747,1029588.31182927
3917413.9937673,1028443.13370338
3939574.92870841,1080717.67524626
3941178.45518039,1077887.53798737
3939212.86560196,1081420.11461898
3942202.83435157,1083786.39938577
3941520.460374,1080457.98677972
3940533.20587778,1083714.98968755
3938290.4542368,1085019.64206426
3863392.21752609,905078.861498238
3861300.6222002,908306.149119792
3780072.50522086,703949.566568098
3778924.43256493,708192.594775435
3778897.16532861,704962.668895105
3958821.04119822,978429.951065859
3961166.65508963,972182.456170451
3961581.28457211,970494.240785738
3984850.97349847,1025269.11795192
3982441.761035,1024237.75589478
3983593.50222746,1022559.06360107
3977316.32243305,1019965.11472779
3832384.29245714,706596.525560188
3832030.62876748,707616.108122605
3829329.05760362,709574.56673651
3908449.47125807,1101755.09755688
3907035.68861347,1100572.04554294
3831660.74778418,837823.693200812
3828218.70670159,834321.903606544
3797618.43003424,822545.64462345
3805089.43257376,938048.931888973
3807181.24910306,937011.181019164
3805605.71721422,937805.264934833
3807190.79082531,937975.519374508
3807691.35773286,936564.720981087
3807515.54366811,937432.168242474
3952157.60522799,917602.8308432
3952134.81856252,920929.488981267
3952319.84057435,919127.692129717
3952242.53850147,919692.615670909
3777057.35620264,703191.199531367
3775765.97792722,709251.19174396
3776789.7339733,700913.494192947
3777759.5719706,704756.117326205
3912719.46989711,1044850.11047835
3913055.19053698,1048011.38266046
3915247.01892067,1044849.0463046
3917045.7278054,1046617.54127871
3912044.91333147,1044453.55957416
3917044.19277934,1046823.59861899
3912617.37167451,1045003.12804212
3915850.17879009,1048725.87121705
3850828.51159341,908687.829249048
3849100.95652373,912632.185011832
3846862.98586956,907802.702247188
3848820.29358935,906656.883898762
3902411.77388589,1024031.74403367
3901798.30842849,1022716.97218445
3899443.71024484,1020502.35763135
3900118.0266888,1021122.69180962
3905547.08300315,1023365.15387289
3908101.6690682,1005831.83341814
3904267.9176153,1009331.60003118
3909165.3765834,1003905.51762136
3946542.95531342,937931.92027235
3943735.16393569,936536.42448687
3946643.11193307,935906.747541268
3943584.56919701,936631.618132012
3963395.50840473,1025044.72303576
3962198.66375912,1025872.78867756
3960241.22355603,1023751.59285826
3963814.19299923,1024704.53476311
3963270.26504271,1021950.59066594
3962111.66691916,1024099.64543642
3925659.46978945,1078569.94818113
3924525.71314324,1078915.15462958
3922171.36386203,1077524.61359539
3925082.20916844,1075742.78109741
3924495.62701673,1077749.48007567
3924300.65031073,1075599.29743922
3896620.99300008,754040.992967103
3896130.80967181,758007.377535592
3864457.60102031,947247.851643588
3864780.43394208,944305.73791302
3800556.47607419,803831.515505742
3802269.25926172,801817.820173931
3893517.98901139,970350.222023676
3899969.98357973,974013.104496603
3896250.21857324,972387.32517169
3924776.0131625,876643.89133145
3928564.51146792,872926.240944399
3926537.6405378,875196.1119659
3926332.37615885,874205.69285489
3955075.73212028,952534.726179141
3939151.83765616,941478.122715042
3907544.95692956,1033756.40638498
3906623.95130922,1035758.49310672
3945311.60840281,961159.842596042
3944241.13288478,961674.677121
3945474.13374435,956697.955953825
3944084.48195887,957983.966224817
3947731.56594149,1030725.34969585
3945832.80657625,1030068.36648432
3948571.93044038,1029581.77047466
3950952.74249397,1031091.9559518
3950596.57965361,1032106.17189227
3953968.46361396,1028557.43966596
3948593.5884399,1030063.45506141
3924448.62179285,904642.601693282
3923114.12227485,902047.041260181
3924381.71228774,906090.240245394
3923015.05776186,902372.357614617
3955453.26842884,999527.221880193
3955386.49929869,998108.120019858
3952944.19397706,999628.868430931
3917950.41791414,1036565.22617643
3917302.9555983,1036489.61520797
3918703.71252347,1034382.56272964
3918496.02941738,1039772.26028337
3919418.78833303,1036738.4908851
3920044.8440481,1034339.12188777
3990266.40845695,1095724.90945368
3980480.05999724,1098277.81213189
3984794.46659443,1096009.27060948
3984127.36007653,1097755.20581566
3875471.03647175,780989.027525929
3881539.25075567,782892.58280019
3879036.65531362,784068.068107893
3828589.57342019,959353.107085694
3825065.34199496,706882.996020094
3825556.60821799,706441.542993494
3824579.01061046,708104.505941314
3941564.57326013,1080684.62780489
3940317.92493447,1084533.75839572
3938279.64571117,1081832.92914649
3940307.4994361,1080246.76689347
3912351.98977052,1068395.49966597
3917261.63548022,1065315.13094081
3913587.86880066,1069340.42145068
3937267.9683664,985088.18653259
3939340.46700291,990524.743170309
3936628.59073917,988409.262533373
3940870.63793073,989140.383080039
3874805.19861779,837414.784966555
3869694.21890596,832137.488465462
3868254.72857576,831739.36692636
3871173.92068983,833115.719823509
3872635.74911338,833734.53910781
3984213.91612533,995678.284095304
3980967.38553917,1020371.07955641
3982635.73962981,1028229.14087832
3937987.80133841,1050523.02959944
3938994.27385341,1048861.38575493
3941820.30067784,1046277.44518011
3941382.63301347,1049061.81990831
3943908.00015622,1052036.99486761
3896526.29499683,1045201.18144591
3893832.48421552,1044705.77964921
3987183.31548032,1099375.76571902
3986006.05545457,1102791.27642814
3986041.11072724,1098616.53563614
3985302.95334604,1098654.6316386
3987808.13522858,1100270.98240236
3982866.06948033,1097111.45635958
3941434.43236632,1084597.45628574
3945385.61709316,1082312.84664609
3939251.74239611,1081746.72873283
3934929.99320554,1077986.61796324
3941161.10961994,1085269.07709833
3940042.97175437,1083302.36100469
3939523.68847353,1084648.06738724
3962245.06078022,1089598.7232259
3957944.55228022,1094164.92828014
3959868.3703976,1089877.44190232
3956189.57250068,1096067.53951315
3957370.55723435,1089858.42749493
3918303.37645402,1083597.31484541
3918871.73888059,1080023.72051854
3923866.85620974,875588.820262025
3925284.25556278,875697.807789295
3926949.81339887,873513.715462656
3928909.67709434,873775.604873196
3958608.6187833,994314.29457184
3965270.19646669,994177.688358015
3960342.65554332,995990.728503501
3956844.76677954,993470.958532104
3958135.36636677,992487.610938397
3908886.37299556,972942.579664479
3906620.71514452,979975.733912325
3909772.64423728,979178.664613551
3909692.02190991,976808.380856599
3900954.36770544,825054.764267465
3940796.06678388,1038614.85857168
3936124.00500275,1038406.64120107
3911741.4222235,1087428.3138102
3913099.19451206,1086173.65068252
3916140.32441858,1091397.76103245
3927414.9300035,1095766.46802631
3927942.01121619,1093303.03720149
3904851.29691291,1091246.8951522
3906151.85064883,1096805.01446429
3901312.52069072,1092780.39439429
3954959.56755294,1002684.54942557
3954841.20608942,996930.26571165
3955720.70765882,1004214.66067575
3953071.15886407,1002584.54601019
3951957.22977867,1002937.88257661
3952823.56476303,1000554.41341751
3842100.5226184,822206.464997379
3839577.0938627,820969.402163115
3889255.91582366,881396.949962255
3885742.33002541,876665.882184293
3887717.05008101,876369.632659574
3883687.8781602,877082.332008378
3886780.65750957,876295.682653049
3886206.90992395,879281.421263831
3940574.0537354,1076212.06904818
3940700.44568364,1075876.68852564
3941487.64971876,1074869.13743227
3941638.63874621,1074588.88512799
3933569.27986004,1072516.62411031
3938853.31388971,1072069.61048439
3941248.15070646,1073953.76899192
3929038.1915215,1079836.48652839
3931059.52972574,1078102.63989408
3932597.09729708,1077674.85803466
3932459.3268469,1078870.38313291
3929374.85098351,1077339.68823154
3952064.23627613,1012998.0509755
3950108.23527538,1014584.79410258
3955013.91600048,1013775.5329915
3948885.93069408,1012446.60819901
3951191.88579735,1012488.50369958
3863282.74933172,907011.425274575
3862140.2451507,903236.349436402
3967113.554486,1042128.65326434
3962554.04293133,1043537.79012394
3962509.23860508,1042983.57516315
3930145.39827148,989469.197642533
3930089.70657093,986621.978640966
3924935.03415238,990170.903796847
3925206.78802695,985683.302294482
3927052.77608748,984780.41045046
3927247.93820741,989698.010728007
3927836.70946618,988738.205839508
3926212.38623297,989556.172246615
3928491.3981103,986778.823797401
3929967.71306766,985725.447805428
3927915.15608811,989336.552409914
3819857.64942504,873203.552921402
3908752.34837296,1062253.45800368
3908494.38703476,1059915.92140398
3910597.23496779,1062085.68732496
3905344.62445271,1058701.17025879
3910436.3300264,1058075.5900356
3908946.00393567,1059366.40487662
3951041.59371747,999757.06258412
3951811.38153383,999118.846965875
3952995.54603731,1000333.25704076
3961511.38213196,985692.372622659
3966057.67576738,985763.229033526
3961257.79770983,985354.470303757
3958203.96025938,982150.420663891
3952768.03538394,910931.758891491
3950921.15462389,915534.86553104
3798228.16027473,823419.598535178
3798949.77794204,818369.439181984
3800319.41008813,822105.047325759
3902181.02584413,1094150.01166511
3902743.63665573,1092228.85706826
3901035.80725187,1092808.01970082
3902493.75232138,1093144.36372311
3901272.43287936,1090366.82215224
3897322.0744485,1091674.22565553
3944828.63133759,944546.244436454
3946396.35012188,945839.883344527
3944059.72990887,946075.660868659
3944831.9654316,945472.079604798
3943851.20467292,948622.854528987
3942286.30424018,945590.187213847
3914911.69228539,1069342.80316047
3916757.9472217,1067146.7421539
3916056.05366412,1067682.00694846
3981099.05282963,1025145.23031993
3981139.60550359,1024621.31311096
3872458.23383405,831765.008983308
3869416.81607455,833321.37132424
3870180.42538486,834278.801073027
3873222.3622897,835253.693988678
3925021.6411745,1077695.48231948
3923515.39110835,1077178.12432088
3924384.98398085,1075089.83329928
3921417.78777989,1075543.3354338
3923443.14202742,1078710.21882111
3924560.24275758,1071870.98609446
3926197.28342619,1078675.58912048
3804934.82111834,931929.089719965
3809319.03826582,928247.941180004
3807220.01570621,929570.998199167
3806188.95289927,931026.592294258
3887836.29564162,880192.630042618
3886445.64165568,875084.380586062
3886008.90928195,880536.366964487
3973226.89643403,1086582.97543594
3972950.5532717,1085204.89903528
3971812.13148696,1088047.17457138
3926621.23046767,1079242.63578228
3925451.14631716,1080571.8520352
3927334.34178147,1082141.81046185
3923938.54152926,1081897.47813142
3962791.88457699,971895.694418287
3959938.78148351,972803.109712027
3960140.84000429,974547.660330496
3960960.71223548,974760.954210681
3794905.99859698,760630.557756535
3798929.69130627,764385.636828656
3797022.01626443,764830.390850928
3902882.59741712,938149.315962286
3898017.03616679,936877.523508138
3904312.90812285,934379.239058998
3939205.99637593,1074016.58925228
3941503.82469607,1074885.21856065
3940326.2665792,1075968.67779124
3941687.29418775,1073582.90792501
3901190.85371112,916578.798037649
3900211.6704458,911950.754562898
3898084.82754069,913720.633567445
3899592.9748949,914619.865296058
3939896.00329006,1057340.29738406
3936196.6281698,1059830.47352508
3939869.80785582,1061131.56374492
3942787.20668923,1055551.43943898
3937221.81240944,1058523.96932211
3878243.71660043,911723.978750237
3926020.18621803,900662.145222563
3927464.57807475,901092.963670684
3926178.63220058,905773.541539361
3921229.48136478,905510.551781762
3923765.06403314,898868.203155748
3844684.24447509,945093.237368818
3845684.07792366,944164.889107221
3840984.33757409,945537.821315549
3844359.01536619,945154.29881712
3839393.54576532,943774.830360668
3844639.50591907,945585.456354378
3842501.40462902,944721.415195595
3842906.83811019,948828.088569742
3848727.79461025,942867.101728511
3805097.79131917,864344.119580421
3804880.22662674,870352.470238723
3800470.55328216,870109.84386173
3801464.58955834,865656.127384135
3879721.22211449,981967.385701126
3881371.75617261,983012.055654442
3881260.68537646,981276.622922652
3925396.96829902,1029959.32241328
3922936.45027826,1032359.32723975
3923478.28971354,1027246.97430846
3922126.90423013,1028697.70467129
3921121.92592233,1031115.55531919
3865459.05951996,1064859.07560741
3865473.15133641,1061113.86390093
3916878.82074925,828514.48604601
3912028.60957683,829430.659225749
3872467.46443936,1077363.00369075
3868868.56897207,1073459.37781978
3896252.95469782,975884.903402622
3899182.16241564,970713.773622087
3930581.89888002,988117.050131447
3813168.03333013,955901.211972743
3810254.52295891,953630.606864556
3888730.77527253,877396.235049022
3887569.39394628,877292.305077048
3886013.33487766,878439.593236094
3883303.35387311,879300.351483228
3882406.1073345,877778.31755665
3947193.0651374,1083787.3289817
3947449.52952662,1085019.67608506
3949700.48461794,1082491.1599176
3948943.11894485,1082424.93230587
3825830.91400886,877582.601858557
3825060.03858875,878979.455423691
3823724.34105888,876516.01199496
3938033.73411696,1059238.47547444
3937289.61141837,1059743.08548461
3939336.52589447,1059868.78459045
3938787.69477717,1057155.46268106
3939076.92958431,1054543.95178448
3937526.75644317,1053367.84461773
3938065.08611881,1058147.33621282
3938772.9321075,1062205.79821104
3936810.28185459,1060503.27540267
3948833.12109606,912070.836992427
3903586.44993988,1066330.25685673
3901084.09084764,1064153.2586587
3898602.11156225,1064414.46002634
3900093.1932363,1063374.48928727
3902372.42841941,1062206.55289652
3927384.09263494,990565.581306905
3926318.73726231,988788.672169216
3926430.01176684,990306.880878714
3927956.23523539,901163.689549509
3927525.49563615,898659.883683478
3931423.39605764,899793.747432613
3929949.63013767,902352.920010073
3925288.29822966,899422.489001969
3927920.59595842,904389.394383743
3925131.20201745,899447.661626273
3923080.02665962,1030237.57707674
3922421.12358894,1029657.43053941
3938831.25072949,1074089.21872948
3938888.0608039,1072926.24758629
3938180.3743294,1069797.73432032
3938831.15790366,1075394.5006399
3911858.29073052,1073113.61664153
3915076.62129913,1072156.00666651
3917072.67433869,1071494.40694309
3915126.95358401,1074891.97673536
3917019.1110478,1070586.13888737
3962969.78538365,1094516.78088916
3962120.13600182,1094480.30960318
3958031.11556544,1097111.47510255
3940164.99567503,1007653.21928951
3939753.23843792,1008873.56261566
3946532.62526295,1001791.54148607
3944416.72653574,1004532.20445463
3944968.34083184,1003194.83168724
3944368.85204948,1003493.97929835
3942851.64424635,1005917.676549
3826945.31224501,709327.517960816
3823494.3185956,707211.182499904
3822918.44360194,708144.331379102
3929216.44708578,873981.082408793
3926541.72162862,877785.315138974
3925740.49280526,880102.66970032
3849101.60544872,727116.781787217
3851734.34778897,723717.79393571
3851011.76346791,726020.774590784
3951275.82365778,955826.055319551
3949734.46105724,958557.899513993
3952609.80822795,956942.488035395
3955916.75123666,957194.369034287
3940691.68936886,987977.151659568
3939541.59928461,987100.76660816
3941968.77390743,988931.312669803
3939717.48807095,991024.484604474
3933920.67805125,986324.850420264
3935472.053355,985296.140015088
3930886.94822983,985591.860283532
3941389.76570898,946880.387531981
3938396.04405895,942745.460758529
3939590.39901487,940771.515470737
3937571.11384794,1073567.4620446
3944274.94729735,1071845.88717788
3936890.59213536,1074260.29470997
3935885.78039212,1071860.3033355
3939964.02226256,1072141.4476456
3940823.13056818,1070285.3467562
3938039.14961867,1074758.34743641
3892282.58547581,1078018.97740463
3892584.66807375,1083282.31043751
3885242.61245387,1052027.36337665
3887342.7556254,1048094.66646165
3977366.18268484,1004439.21359825
3972196.39139357,1007210.96524362
3973501.68070392,1004467.85778406
3767864.94904743,715427.50867289
3769761.69439919,714768.237790777
3908228.04018344,976938.739885084
3911193.70858527,976081.372219827
3939684.63439226,1044190.16163932
3940486.39904978,1044907.54459604
3938299.58410298,1043037.15590635
3935760.04997842,1042301.84163892
3940450.13297702,1044422.17256492
3942095.72913608,1045320.78660481
3937966.0021493,1044217.1175332
3937174.23913877,1043291.67381801
3955279.86823742,997254.270206387
3957095.76613968,995719.139332733
3957505.0055162,993521.303488865
3959245.81646634,993047.63004937
3848598.26529444,1062681.97493487
3843041.21178247,1062055.19203336
3947803.20742142,1080381.80575505
3947274.28417559,1083701.09652304
3950812.78395517,1083272.29632922
3946867.32433989,1081384.71991351
3940860.48386486,856354.570791012
3862403.69451064,944603.286323919
3860676.09728316,946865.918158147
3864595.04064482,946802.988283006
3849523.76531735,722007.875943265
3944662.94958025,1051065.25946353
3943348.9543246,1049941.1034279
3935810.90815361,942320.394592253
3938834.23698382,941891.64470304
3942075.7879695,940763.967446858
3943378.50235731,942643.022063288
3934209.93154073,944402.75503584
3936220.22229658,1044292.12733885
3939652.23281625,1042833.42880426
3940289.25679797,1039281.87228
3937965.46321794,1040582.63033257
3942897.44465035,964463.150448386
3945119.82844365,960130.091259863
3943261.27794464,956128.110944885
3944987.57167231,961525.939279526
3928040.4413842,1088744.97145626
3930314.65137668,1094553.23405399
3927395.3302131,1094249.5169013
3930082.15895237,1092264.15773739
3928442.8412306,1092452.86037199
3927230.52935336,1091402.33102052
3927232.61926708,1083240.05746772
3926160.00912647,1081016.03283795
3883643.29862894,813195.000706555
3877754.51531419,812423.896762602
3855346.754396,883403.245030089
3853055.71475001,886066.242665123
3926563.65643691,874578.229756782
3928904.95821058,878799.728120346
3925986.86561305,872704.276136587
3946444.03402048,882612.106494904
3942931.70555723,886224.889037484
3913101.45155536,1051360.04315912
3914191.28671252,1049400.08839214
3912032.9534481,1053582.86786393
3911780.66506948,1052785.05569982
3912293.82394883,1053713.04977615
3908803.39598934,1052103.26888889
3938095.85827198,986636.915587417
3944726.72753894,989222.609658861
3942127.05678497,987903.2325724
3940366.74601389,991354.798252466
3938485.05433199,984586.368458437
3941707.44269558,988999.949544161
3941510.88158668,987763.278123616
3938454.94538547,988675.049561877
3902467.92887135,1060466.38629494
3902123.27502058,1064870.72121434
3900726.90856367,1063513.70355028
3898282.6631993,1060696.0749906
3901418.05067216,1065961.7180365
3900158.75921515,1064951.45851914
3861325.66765058,905456.836036224
3860529.86695552,906123.248638523
3862569.64945018,904044.980284913
3863112.09432707,905396.887786726
3860589.97884059,905711.146375385
3865011.53549772,905758.134574544
3923651.00588703,1031623.08277104
3923425.28455572,1031850.89671792
3923015.56862608,1030282.1590068
3918087.33010637,1029633.36452481
3922402.19753149,1031860.51347457
3919542.90165208,1029011.45208571
3920510.94295035,1031396.32611103
3919903.62078188,1027445.81436077
3922114.17747694,1028573.89693186
3979880.65787704,1010881.64569964
3953263.93222755,863690.687502842
3983801.44887097,1034325.72602949
3983411.46510591,1035809.2914405
3981963.42918561,1037588.66462845
3985198.41113147,1037324.22819592
3984409.33050795,1038867.00202232
3940617.50994551,940052.989199609
3954472.97439947,1003130.36358605
3954586.01636925,998890.880105998
3949961.53774911,999937.898462563
3951678.07146189,996530.967151723
3952369.40557294,1003059.63284616
3953245.1311529,997418.114139291
3925707.82344322,858804.078195083
3928218.92004505,861595.952989798
3924878.07827504,859300.825556688
3927355.73494142,857631.668313033
3946499.72282645,1093514.32567276
3952179.34988525,1097729.05216916
3804309.35381763,941331.305624978
3775379.09174879,718543.714531968
3773992.82673593,714194.477965909
3776596.53011203,715034.938472521
3944023.84851398,935904.5493313
3945528.27529736,935207.714498315
3944331.99443994,936569.629616329
3936158.83596432,978224.855117306
3939092.90212293,981501.400212787
3933219.57427131,979796.492877249
3933618.52853607,980849.099890487
3948637.75144698,945417.770010194
3944413.5551987,941897.600642301
3942134.70486605,945288.504406333
3944156.78151844,943517.624680843
3948557.68734273,945819.65481191
3895658.37976649,1044276.10726829
3897876.7688268,1045293.14162031
3896241.555939,1041413.02633839
3893065.11241806,1042494.21758204
3895285.42869324,1044256.45809903
3891888.59165847,1047441.71321971
3900564.96988842,1044141.55100211
3912312.22655621,1089068.63462236
3911011.3179434,1089740.88062047
3917232.27952838,1083439.25661912
3917564.0131024,1090624.15426378
3914441.71585077,1089660.65727347
3880744.36294421,875232.55402539
3882956.53659016,876040.726372061
3884163.93527415,876618.476920456
3928428.9921464,1044092.78515446
3779973.89094909,702909.687211704
3775920.60421736,700910.996951574
3775749.98679595,702059.166973408
3777895.61050902,702423.278282782
3985598.5710557,1097585.74062634
3865156.53448443,880003.245082764
3867448.04045984,876519.45565581
3840344.955616,871439.178840533
3838041.2298947,870430.628518669
3885670.66051102,814423.129961061
3925266.69812611,841529.36905888
3923364.39406595,837474.368199888
3928376.90923936,833174.280746514
3926991.41227427,838780.276115276
3926876.82019835,835762.639030406
3924796.83973485,837850.829290218
3907026.41634517,1091714.59591445
3907945.49748035,1091369.89802426
3900815.035545,1091399.51112772
3907545.64859285,1087544.0878733
3899334.08834985,1048777.10567708
3895034.12597158,1053173.04053557
3896827.28736119,1050878.02948275
3979061.65890306,996025.765504377
3980422.77850966,995180.916418292
3877375.43116942,781211.797945533
3879474.71790423,781977.689316215
3879849.5003641,783599.957692843
3878666.92570242,782711.749274251
3880013.98635858,779064.466557756
3879521.21227213,781659.230767879
3901543.93383905,1060771.69516101
3904458.31853189,1062572.96208605
3902923.62376079,1063389.44572277
3900159.76103035,1065013.69615304
3903577.1630758,1064460.41303612
3900226.33272269,934482.995342579
3905439.69523876,934911.265692695
3902670.57402727,930380.667474968
3902140.41507419,934153.883232518
3902714.2920524,932437.451810044
3957339.48985106,1028871.98224999
3953349.50269256,1028424.88880926
3956164.74832002,1027102.42603891
3938601.69914498,1066528.33613807
3935008.80760293,1063230.06639565
3940335.25962919,1066204.34309841
3938302.15121334,1064780.77218198
3939435.82386283,1065214.08565302
3937547.97414539,1064248.44425769
3935823.15835519,1063151.01132607
3938254.67499933,1063918.39109404
3936434.08523907,1061004.79453608
3868017.71541595,890603.223686421
3867500.67530926,892442.357398703
3863725.30338968,890950.382077548
3950866.98934607,860902.655803274
3904515.3873877,809504.376254361
3905117.27369128,809931.24555088
3795616.62877535,874305.812343732
3932774.68657786,1066509.88943597
3934838.00203033,1066413.81015903
3935143.50499212,1067143.81237821
3824925.45575368,961933.473875234
3822856.6114932,957541.640965117
3825077.14563692,959768.025369601
3820610.50007225,959198.132875343
3826556.94491556,955933.957415792
3905537.51354919,820988.535967921
3905292.20186217,820870.278250261
3902799.7647311,827821.839762284
3865948.60221201,894092.75787075
3864168.73448031,890823.963945126
3911934.01975902,961546.074435351
3912551.51921169,962700.934977518
3915717.60291756,960597.143605971
3896518.08467006,1088981.21856534
3894762.04415155,1090513.29769386
3896974.25115913,1090369.546946
3949994.62092837,919795.855583122
3951899.51724161,920283.233317372
3948678.91797765,917116.867205742
3951193.74180802,917361.105331427
3948681.0314017,918695.318392539
3958592.02724502,993080.752873827
3961596.2921769,991890.665081379
3988384.22255108,1102702.82909836
3913548.23313533,951319.002317816
3915569.42406833,951124.470731379
3994537.96727097,1084895.09210319
4002154.33165665,1082327.18605114
3921734.50827522,1029622.09000942
3923725.11266342,1031105.42259931
3922092.4748124,1027865.7216849
3925189.53334066,1027597.75314417
3907338.1932496,1006683.91092964
3908919.30326849,1006185.36286955
3906748.45958139,1008053.36252443
3989939.35976329,1042049.03811036
3987267.94473123,1040376.63302401
3987722.85494549,1041704.61788657
3982540.82389161,1042548.98075575
3819746.72871549,706670.934309676
3822334.57374837,708441.199929085
3823036.80146425,706586.017576459
3924251.16707419,874564.286663097
3927078.32392324,876678.427658144
3925085.92831853,876086.874623068
3925040.85417945,875461.499297576
3982105.05083653,1022253.78139304
3983215.59915749,1024053.12118164
3980790.28614506,1021007.85630067
3805924.8637371,939798.854521548
3807789.51053198,940923.715518812
3806638.18580444,937715.544135313
3807114.25527511,940986.958822476
3912610.82969796,1031332.25659908
3915188.48354475,1027168.79979828
3913006.35446057,1029701.55132792
3862024.42483232,1065806.08900463
3863592.22112355,1061564.39661754
3867557.63236109,1065672.06771547
3859504.39238362,913068.11891458
3856883.97720259,913359.321204518
3854854.67446659,913702.339656039
3959922.62485315,1094811.99217777
3959007.27899452,1093541.04023927
3955077.61399281,1094978.43656164
3944126.40923291,936779.029447334
3944390.27765771,937093.725988546
3946682.09446521,937115.793557811
3946727.38824736,938125.758971852
3946028.95739513,935867.46744598
3945470.95058938,936472.645915985
3925694.00202602,1082268.87991049
3927233.23411018,1080716.69579532
3924861.41089203,1084374.07922647
3903890.85029738,1019645.14280696
3901649.60684117,1023752.18146335
3902048.78483647,1023958.29057344
3899557.62644875,1021574.80000816
3901824.72535067,1021518.73131531
3953826.31074373,998513.220037608
3956970.24189592,998986.061836665
3954465.24769376,1001868.31987418
3951179.73007413,1000212.53023232
3951345.40524799,1003413.70900311
3982720.77484071,1023718.11587408
3981719.86133834,1025050.38411081
3984215.91256594,1022496.05860247
3867966.06207261,893790.742812823
3902846.93711279,914569.278694125
3903812.74390591,920788.072672416
3852669.85176476,913460.078437494
3856862.16282769,911644.724720369
3858999.58317467,910120.084818227
3858742.60505699,909619.457777182
3965593.50549134,1022359.93697434
3962533.22499634,1023308.51986297
3961400.62106013,1024993.49686733
3960762.33793424,1022267.7998401
3815104.6314353,862744.377408187
3821821.44768297,862535.980368207
3897297.78925315,841837.54129494
3894834.34462023,843458.389169023
3893924.61629082,842724.292118685
3894415.41323026,844407.588073486
3950060.30990512,912806.593993963
3950735.15962764,908394.62601415
3998469.98548895,1078063.17676299
3996374.86635116,1077812.18882159
3994678.58578478,1074243.76988193
3855447.72793405,898094.740752228
3854807.34089003,898054.983893592
3852708.18819793,900728.684863326
3854415.53781908,900095.975638667
3856669.74083224,902656.423798745
3777733.87759578,719773.739811467
3778345.5433919,718894.698437226
3775950.77053786,714479.516863717
3904969.02915507,1033517.0540781
3905004.89787192,1035671.99165618
3908247.95641363,1037349.29466324
3904337.72662361,1035955.47662891
3908880.80312647,1029025.2372678
3906539.30710458,1035069.4468474
3940985.5598516,1045214.00874899
3936362.10511661,1043016.06081276
3937727.82068425,1041080.6871014
3936928.979778,1041103.64235532
3938979.67524582,1042308.48467677
3937847.20470981,1043217.05027331
3939430.21638308,1044437.7252324
3936183.42425875,1043891.90220861
3937279.26732337,1042995.1728952
3941952.62146102,960910.480149208
3941080.07721074,958368.491281473
3942839.33833243,957448.785687141
3943755.49164678,959412.716095004
3828599.30684317,956274.354360931
3829970.87162201,955933.255185092
3835482.81640036,944857.464579956
3832468.08807989,947550.005911817
3833211.4893547,946065.31175206
3833964.89244147,945736.133265743
3835939.80194596,947128.677418741
3836175.23045352,943351.835084021
3871780.08959499,1075628.17435069
3870792.81230753,1075248.29184941
3895704.72250223,842074.780189601
3973143.21801248,1088969.20691197
3969832.84381758,1088911.44736897
3968073.58375447,1087054.78768091
3970982.88608432,1087050.10662617
3973106.20846302,1088326.04707459
3980219.02404319,1007137.39833005
3981626.19874386,1010161.71535134
3977227.2568486,1008202.51184829
3844164.82165966,870059.885215806
3842511.0119903,874049.779020739
3846704.03413509,868139.222846064
3843548.27435741,869068.504845066
3842411.86866046,871480.689413606
3913604.5806021,1088320.1143612
3912380.21031793,1087289.18895607
3917890.70762378,1091272.48934741
3901541.90888211,1009479.54683154
3901600.80359804,1013447.41318465
3902621.91649588,1013408.27374553
3898278.06916648,1012093.59058756
3898781.34725634,1012141.61559009
3906193.74147773,991093.867925366
3902765.21252548,988396.993038126
3908408.09833555,985342.852740101
3910326.59720406,990186.279043743
3912963.09865951,988091.997056315
3908278.62770882,992054.813661064
3900818.52736602,931414.696191406
3901922.296886,934426.22065274
3901969.58175107,1020176.89303371
3901731.94282536,1020579.50691164
3998034.88677666,1047849.76820978
3993023.31083527,1050758.16796541
3995079.46401878,1052259.93739937
3939415.46998471,942138.374655654
3936985.72992933,945470.374563114
3941124.03716205,942203.763579948
3943045.95490395,941463.782608287
3846190.62857888,1045047.64030203
3843118.30931318,1048211.79422753
3847348.04991666,1048724.51660897
3846858.67028653,1047481.77279261
3847372.61895158,1045259.11938747
3895906.67945033,1042255.70410034
3896650.74821679,1043183.43037072
3897983.83951578,1043733.40323389
3896107.52768408,1041546.65041905
3896089.82302129,1042689.10533085
3892868.35509273,1048634.25109419
3893426.84467901,1041811.81459083
3887690.45646416,1050068.73866166
3885236.70613725,1053269.40100889
3889212.85538926,1052004.87946642
3885789.78008023,1049756.24100223
3884012.66204926,1050372.14748881
3887217.27693833,1049128.72311519
3896632.65464455,1046421.41456997
3896407.86503854,1042224.83256489
3962873.1859325,1020095.77945046
3962940.93506342,1023607.45430755
3962326.3257187,1023116.30449514
3898229.36489061,1060092.58377412
3898594.98946563,1064505.15029963
3899761.29615153,1061939.59634606
3896587.83340682,1059175.48331651
3900907.25842944,1063397.33956802
3915741.72921413,863574.876667214
3916167.23565448,862367.166868557
3916132.63610368,861727.50247679
3919415.05068124,863976.428482667
3917613.15859954,858246.349059636
3916073.54278148,859597.037004118
3897085.71948336,1081183.99420671
3889222.51538558,1076884.31021158
3891633.36458565,1079368.27263121
3902184.55408201,1012828.8036894
3901282.02008717,1011203.51666424
3901389.37985053,1008898.32458351
3901178.17052354,1016367.37995882
3901279.64520515,1012757.3412332
3909425.26685899,1057026.50501366
3909664.70506234,1057758.19651261
3911130.65147688,1060195.67516458
3909425.91756028,1057682.75982019
3945289.95736563,882807.912859356
3943102.00631315,887289.004318958
3928050.93247059,1072228.8417412
3923594.16194596,1068054.92081561
3960354.2454777,974613.80889567
3958309.78674822,973625.816520068
3962030.27768892,976834.508445208
3959502.09623753,974223.628037303
3963016.89739983,973818.755155789
3827713.86233391,876055.301720748
3824341.44874101,876281.455007753
3947956.72284901,936436.062210327
3947138.80362783,935830.203618946
3943512.15581989,936764.222734234
3947312.91118375,936112.310263785
3946249.92131886,938005.71328386
3943782.96064174,937600.377535976
3942744.68234134,937512.18795999
3942714.19112387,938084.797285224
3948664.09779662,934028.691789962
3918470.55435723,863891.745483897
3913848.12078779,861652.303118946
3918219.42198081,861113.364650727
3919952.51806682,863941.650587354
3914723.24739328,862034.372397052
3901934.27142446,1093614.86180623
3901817.46108122,1091969.81759118
3775167.22834548,717876.484771178
3781901.95290313,717782.538973664
3950553.02929549,1096053.9638416
3949738.29722951,1095180.30763575
3947426.7615936,1096635.5147486
3987031.84344287,1097213.71090715
3987772.45717107,1100739.58997567
3983191.83760296,1101962.35708678
3867125.58349864,891011.158214979
3867313.56181276,891292.66674192
3867130.70443967,892026.030859602
3881655.03193913,780357.970705203
3878845.97012468,834837.729055789
3881785.53246373,840761.845491352
3877638.16743149,840664.114961709
3821790.49423607,705776.804666939
3824354.27198149,707344.189105072
3825396.25111289,708911.848157099
3823086.48156406,706819.979059825
3822209.20270498,709332.061851703
3961007.07346883,982112.661523779
3956744.72861289,979016.751838085
3941655.73656578,977167.763566707
3937758.36671742,979794.699064661
3938298.11922618,981200.566503123
3940700.63502222,981264.333655624
3935403.59259725,977318.455769841
3935315.18944414,978715.737780916
3852365.63583152,724799.778765434
3854335.76456403,723936.32695576
3850740.27192523,724689.222602517
3849558.54746716,721766.271499042
3891619.17062483,1081191.87271805
3895314.05992437,1080143.64169503
3896193.44226209,1078524.94362471
3892664.80617612,1077024.19303812
3889344.49889823,1077036.04614761
3891492.02573975,1078746.76621791
3933516.1986355,984946.862682287
3935721.35862345,981560.546376539
3933060.48167572,982643.648711779
3933777.47706377,984837.997186887
3935998.23318824,986886.031350815
3936509.84094313,984512.774073208
3933508.72773992,988707.73717534
3851844.94415298,1090048.4079554
3882508.65349199,913646.117996084
3880867.18379029,908747.288672413
3881141.69988015,908510.871403497
3903299.26708467,1006000.04938769
3906340.46556134,1005623.40695975
3907989.669645,1006388.68828566
3905401.56976027,1005144.67724125
3907881.0225729,1007402.9394763
3907904.30762267,1007514.22511776
3923912.74057828,1081747.07440893
3930745.07604396,1086064.85869987
3925839.70383038,1084658.51060583
3919676.64179215,1083029.04892254
3929399.75839704,1081592.65039961
3866516.06408204,888231.289789443
3863790.03976351,890620.825964025
3864050.17413197,890691.411480566
3957213.2788747,1009351.29739653
3953898.42677651,1008613.78663517
3951479.86663916,1012074.05963
3832526.44151574,956334.747453196
3825598.92010015,955435.285845857
3832266.67924678,957533.639121313
3917239.11102458,1067638.80719549
3916482.64867382,1065821.99755757
3916164.94600309,1080666.78106429
3914096.96869737,1080826.66057455
3916651.36842138,1083158.74834323
3923463.04676315,1028466.64806153
3920457.61431855,1029357.38122205
3922299.48716013,1030803.84311965
3788882.4704514,841760.84077968
3787072.46314756,844902.780353807
3787242.23228673,843877.790328403
3789948.29584151,845236.018088648
3784474.26063948,841464.506302408
3786925.98976912,844708.274362745
3801771.66469432,802459.825506707
3992554.83933436,1088321.94866339
3993001.50489119,1086864.82319888
3839634.26701497,870305.994107561
3910892.09469641,990245.976979635
3912732.01298891,986830.131696423
3909323.81923585,990757.234795003
3910654.30653108,990316.116261669
3909870.7179383,991463.170486051
3904810.41956019,991975.906882855
3906916.44745863,992807.093692868
3906625.0300109,989928.830824007
3903863.38783301,988084.003958414
3910672.26748595,1006587.390523
3909218.30513292,1003111.50133422
3912384.02487403,1010286.75199111
3944638.80493459,945091.920197889
3943961.80784169,943933.19829564
3944329.41995313,945522.01846154
3942899.15377034,946411.024900597
3839639.58332009,950675.349879119
3842981.68514758,948134.428251024
3840496.67128871,944889.822159871
3965303.94786313,990092.140416996
3966631.60585988,986673.971632598
3965974.10562655,989997.243448331
3968378.42894322,990291.114479878
3966625.47043067,986813.685455235
3849921.26185028,1034135.60295824
3849671.52553111,1032046.89321128
3851531.4668081,1034538.35999854
3851353.05366789,1032906.16502934
3944180.52631959,1003969.49972195
3943791.24063107,1003998.11388042
3939676.73469675,1008304.99275881
3942911.94581693,1006684.21456729
3943661.48608295,1081699.07657744
3937860.59243464,1086056.40253305
3942984.97198379,1081430.0583453
3939245.72561011,1083046.10737206
3941267.06611278,1083189.63863048
3938868.55681698,1083834.16097518
3940351.23551474,1081947.43302885
3924281.53788377,1084140.00336678
3931338.52952636,1080991.64358075
3833688.16507576,709977.666944848
3832811.88807046,707041.082314474
3834182.20083959,707040.290081837
3832149.72792121,709762.251951016
3831619.55243316,710441.772572067
3833542.34503902,707851.477125757
3954145.45384395,949188.997467323
3953082.86000675,947335.507063032
3953592.25604878,952444.013542862
3953630.50237789,948817.815466766
3953611.02362753,948525.960457227
3955107.49689883,949337.650848235
3953274.56137706,949388.759147793
3956017.2248485,954141.142354733
3879445.51021961,907495.851773814
3881210.91327291,907490.516920746
3878710.66367915,909759.145984023
3969373.31713278,1087352.63852032
3969156.92392631,1087684.36938038
3962588.76699592,1040253.59355681
3963788.9502592,1041592.70129668
3968006.27248842,1041540.49628026
3966376.5175651,1042177.05938448
3941653.95930574,939395.901852941
3952269.68011825,915231.137667189
3952485.94334966,917111.741009525
3949083.52337135,915690.936562226
3912306.51207239,978968.276708254
3907995.17400167,980320.983079359
3906926.66655998,979789.754257394
3907267.42434314,977889.481403398
3824925.16640259,706273.215145715
3822399.77428054,713853.882890914
3819911.02794602,712697.259392202
